,TALUSD
0,1.2986084617218694
1,1.2943184939547072
2,1.2959071255172574
3,1.3048433489916529
4,1.3078594821196576
5,1.3130543589518968
6,1.3182401845661527
7,1.3140690158986659
8,1.3129604331324576
9,1.312481193311783
10,1.3105824458615305
11,1.3076275583139418
12,1.3159054840902564
13,1.3070575667307875
14,1.2952263121306016
15,1.2939587860075326
16,1.2890595915894547
17,1.281410099656451
18,1.2797884167722446
19,1.2703769277591586
20,1.2786713616076557
21,1.2768861957695954
22,1.2715053568157868
23,1.2812239699349965
24,1.2832735071755514
25,1.2843462367236003
26,1.2767700292617423
27,1.281273838726144
28,1.2932128318938871
29,1.2873054858265742
30,1.2974523122316537
31,1.2938832039602914
32,1.296937804789648
33,1.309084492444275
34,1.3008755790134745
35,1.3002936597683308
36,1.3069847814882152
37,1.3109791731972977
38,1.309957645330862
39,1.3152590173492427
40,1.3128571035207195
41,1.3086574972876739
42,1.302967189455869
43,1.2818432704489513
44,1.2785252812353625
45,1.2749393186600801
46,1.273370576519541
47,1.2609165227270138
48,1.2561877806215052
49,1.2554984512430156
50,1.2647134159022013
51,1.2568030751658132
52,1.26067296696555
53,1.2563685623094354
54,1.2428834775703768
55,1.2490359003947744
56,1.2479641891686655
57,1.2598653461930502
58,1.2709749862622965
59,1.2689257495305994
60,1.2682483321613567
61,1.2752380158518222
62,1.2700642457372187
63,1.269450432885923
64,1.2720052843981358
65,1.2846516891960074
66,1.2867794482987667
67,1.2802363211687087
68,1.2870461388918972
69,1.2891228809184545
70,1.289673760312036
71,1.28780182086362
72,1.2866210713018271
73,1.2794104719031332
74,1.2844350945476855
75,1.2842188805960442
76,1.2824906664080404
77,1.287920238255995
78,1.2943233274380244
79,1.293749694546413
80,1.2947544166321743
81,1.288007998137222
82,1.2909167178794294
83,1.302500407730655
84,1.3030485269013696
85,1.301121348138954
86,1.3069348363074378
87,1.3026524109906796
88,1.30021394479712
89,1.3068615106189436
90,1.3057157075175398
91,1.3147102077955615
92,1.311803994635976
93,1.3050160793238783
94,1.3020063245533182
95,1.298164743692098
96,1.301004274614035
97,1.2972586872301306
98,1.2896998231778982
99,1.2973814158287031
100,1.3004048413323017
101,1.2933689715005317
102,1.2968197078396384
103,1.2909554638033887
104,1.2882540440679036
105,1.2909027304835532
106,1.2894882529656606
107,1.2965683606933962
108,1.299897317977109
109,1.2968534721337308
110,1.303579956855281
111,1.2992996961982846
112,1.3051946796330771
113,1.3028832871115432
114,1.3068831051186454
115,1.3060208173317889
116,1.2986964769194826
117,1.2955514897719986
118,1.2900363830814408
119,1.293506562960214
120,1.292558334511346
121,1.2924551326698686
122,1.3084187550774709
123,1.3074519851980764
124,1.307180573807014
125,1.3164000523342967
126,1.316116104576101
127,1.3206827861673933
128,1.320070125683033
129,1.3196933001400093
130,1.3149464691531427
131,1.3140125393533928
132,1.3046401271382393
133,1.2981646273137135
134,1.2994066717344626
135,1.2980723796310938
136,1.3005991589047774
137,1.2970565459027001
138,1.2882826278595703
139,1.288379717900228
140,1.2882585700480478
141,1.2898774233754784
142,1.2904204289162187
143,1.291320630606376
144,1.288936812302743
145,1.2901401049333445
146,1.283990504659808
147,1.281072279489129
148,1.283665130812072
149,1.2801078261738887
150,1.2834887636296657
151,1.281007904698557
152,1.283406150986436
153,1.2839095693260871
154,1.2759343692570897
155,1.2788601632982874
156,1.2842261328335787
157,1.2852751234927833
158,1.2845969400869175
159,1.28650950104501
160,1.294032306172823
161,1.294305297675727
162,1.2842702299067048
163,1.2859939662634274
164,1.2892146441611916
165,1.2875588475626436
166,1.2829075059345303
167,1.2732041443638267
168,1.276041864615107
169,1.2753749861682608
170,1.2756464998864212
171,1.2791372371746863
172,1.278946991074723
173,1.2779292730404155
174,1.278896747569017
175,1.2787607939010845
176,1.2815416254807501
177,1.2775637430880395
178,1.2748893371504169
179,1.2769364826956269
180,1.2836902568463373
181,1.2876940692701102
182,1.2839116849328647
183,1.2793503804910469
184,1.280532122019461
185,1.2803199267476262
186,1.2812293977503646
187,1.278453208386763
188,1.2786771876704648
189,1.2906734028972109
190,1.2913075137651622
191,1.2919939366768423
192,1.2873520635079572
193,1.29165328891305
194,1.2824490899697842
195,1.281068344486417
196,1.2874851467848816
197,1.2845897528823487
198,1.286303469940557
199,1.2871348645636143
200,1.2901321176465543
201,1.29247154520472
202,1.2952395152051894
203,1.2953988846547686
204,1.3006682013655109
205,1.3058341999048664
206,1.3081264174132738
207,1.3074279497261232
208,1.3057211833466986
209,1.3040986726003652
210,1.3048098238350545
211,1.308240664046045
212,1.308746225863802
213,1.3033629193027811
214,1.3059701576517542
215,1.3072474817744928
216,1.3108557356898327
217,1.3065173284927019
218,1.3079570272566188
219,1.3135841638170662
220,1.3101907510644326
221,1.3107995966154389
222,1.3109265697673507
223,1.3174676245356214
224,1.3196823029630378
225,1.3219947202996005
226,1.3194221981032042
227,1.3155308040980218
228,1.3072961039983384
229,1.3011896760668196
230,1.3034976015937323
231,1.301386241931843
232,1.3014364405597985
233,1.3003251719796691
234,1.2949478380265245
235,1.2946564016642785
236,1.292953238675567
237,1.2919631483547784
238,1.2926401950699815
239,1.2892116016678525
240,1.2934619359429858
241,1.2942712471399032
242,1.3022763356723455
243,1.3034627815662148
244,1.3079731960743524
245,1.3071946954765812
246,1.3057622448986985
247,1.3002102425279138
248,1.3005233322569316
249,1.2982776241141765
250,1.2942700821792854
251,1.294983313287664
252,1.2968238246659753
253,1.2990992071662786
254,1.2989065985582804
255,1.296489813406401
256,1.299503948707552
257,1.296911681463317
258,1.3032169106679448
259,1.3071673772458265
260,1.301636253326732
261,1.2994965656444133
262,1.297170342858468
263,1.2954872386638407
264,1.2939117235764206
265,1.2977387593933813
266,1.2960489266765116
267,1.29499597055556
268,1.2963528224360406
269,1.2957440391765065
270,1.2939957270155331
271,1.2941136783889593
272,1.2920979030695325
273,1.292191188664722
274,1.286049656590181
275,1.2827715779905575
276,1.2833170250312589
277,1.2822157457567267
278,1.279496440744492
279,1.2798523837944575
280,1.2788660481220662
281,1.2838639825671425
282,1.282157179110161
283,1.2819074379714135
284,1.2825240135091411
285,1.2825422641203446
286,1.2876858549277763
287,1.287488298807866
288,1.2882510290207987
289,1.2858380974371661
290,1.2879029949217302
291,1.2969006084897998
292,1.2972994681510872
293,1.2985275934546683
294,1.298460170489763
295,1.2993421001480263
296,1.2987123319499083
297,1.3010111003307094
298,1.3049326636689667
299,1.305365531171437
300,1.3042048061834648
301,1.2998324999114903
302,1.3000038027129834
303,1.2998111371977548
304,1.3005550612105965
305,1.303601957362119
306,1.3053670814827678
307,1.3049754173714199
308,1.2989325558302978
309,1.295296185203738
310,1.2945698745430103
311,1.2985976139424542
312,1.2964315172009637
313,1.2973529155048749
314,1.2937221597836843
315,1.293492349292574
316,1.2912910597592981
317,1.2915950754473189
318,1.291924338535587
319,1.2916273118764936
320,1.2866010598308715
321,1.2840135241482074
322,1.2878297696484913
323,1.2863008118153798
324,1.2843963409104249
325,1.290570875604437
326,1.2905107849539617
327,1.291629580698136
328,1.2906800609073206
329,1.2906957668825705
330,1.290199640989344
331,1.2906587355682397
332,1.2905886299230347
333,1.2878864665949856
334,1.2844390236365022
335,1.2807804354526824
336,1.276900208379873
337,1.276684070245765
338,1.2744365445358663
339,1.274652577302642
340,1.2762438529047122
341,1.277423972133568
342,1.2729376740315657
343,1.2741470591863884
344,1.2677380605114401
345,1.2695155251355466
346,1.2604412701351162
347,1.2609134940945326
348,1.2544614883800418
349,1.2540125301844136
350,1.2522717658592846
351,1.2513330782346046
352,1.2505553707574701
353,1.2499825185695987
354,1.251777786815141
355,1.245233409725088
356,1.2456058777468677
357,1.2406683899658555
358,1.2411719817776907
359,1.243102342892378
360,1.2393548654617021
361,1.2395495267590761
362,1.2351813153465223
363,1.2343982363432071
364,1.231096616603987
365,1.2314913671752534
366,1.2352644431640682
367,1.2385675151899722
368,1.2358753855253035
369,1.2426039048735573
370,1.2398345323932947
371,1.2497076014410369
372,1.2473011021093392
373,1.2452889957790032
374,1.2483325013601725
375,1.2463811774397835
376,1.2424422627192142
377,1.236929087891294
378,1.2392175359011903
379,1.2403778966346526
380,1.2419728690446925
381,1.2356206127165266
382,1.2283320348591984
383,1.2111173426446609
384,1.205286431018858
385,1.1994522760135689
386,1.2088066632118388
387,1.2051897569996588
388,1.2058422757876672
389,1.2040550192139188
390,1.205188642420257
391,1.2109015189222687
392,1.207001206181683
393,1.2120924919086629
394,1.209955313475577
395,1.2094908462969363
396,1.2074061586421663
397,1.20603960125125
398,1.2079714211109323
399,1.2102389362503283
400,1.2064156818483964
401,1.211234362546551
402,1.2027170323530656
403,1.2015245466346465
404,1.203393473924105
405,1.193749204801387
406,1.2071938058946963
407,1.211851517698643
408,1.207746688855673
409,1.2090127691432158
410,1.209150362558523
411,1.1983399829764831
412,1.1962057012651737
413,1.1931769489254143
414,1.1888152884354253
415,1.1853032054583381
416,1.1858247031509797
417,1.1857701120585358
418,1.1859117666114913
419,1.1809618448245924
420,1.182603116657475
421,1.1847068500642215
422,1.1801641805487375
423,1.1776519441170632
424,1.183568457382884
425,1.1867264473219756
426,1.1861289500580408
427,1.1880288692019012
428,1.209776831344234
429,1.2081223764224425
430,1.2049014759895031
431,1.2064511334927777
432,1.2100080220409244
433,1.2032310667277095
434,1.19726352883245
435,1.1906961425427698
436,1.1977383989763954
437,1.1935857140304607
438,1.185085190238584
439,1.1899089385028838
440,1.1904986321257003
441,1.1917850529322254
442,1.188994146819662
443,1.1927453822107852
444,1.180060716746618
445,1.182549333710904
446,1.179319368140323
447,1.1761779194353967
448,1.179940551652291
449,1.1813315461796035
450,1.1808037472410229
451,1.1762674986890038
452,1.174962819974393
453,1.1738865804530687
454,1.173957626864837
455,1.1718100265184344
456,1.1714760497056769
457,1.1740143141351422
458,1.1692397701106967
459,1.1696025626374869
460,1.1656841351060945
461,1.1649648143293285
462,1.1616146600681145
463,1.157188145026625
464,1.1429893730139769
465,1.1434963630014023
466,1.1361171493111124
467,1.1287576417639098
468,1.132057126904165
469,1.1275303975485063
470,1.12939981018223
471,1.1294970496963939
472,1.1418228892455302
473,1.1407868812665647
474,1.1504004129484195
475,1.1565979539762874
476,1.156305003300176
477,1.1586568737639609
478,1.1575877933848182
479,1.1574982350241898
480,1.1505328803038382
481,1.1484817104300975
482,1.1550730209242608
483,1.1579302915369114
484,1.156418557352015
485,1.154503607355514
486,1.1471547099746378
487,1.146544282869894
488,1.1452356984600012
489,1.148838397064853
490,1.1533406848560015
491,1.1566941141302949
492,1.1597258081616262
493,1.154699352688928
494,1.1557287402253213
495,1.1511795284542694
496,1.1576850761131328
497,1.1574625071955071
498,1.1622530692164668
499,1.1677641634156313
500,1.1732588801958712
501,1.1694221888915055
502,1.1642769741162204
503,1.1663165997980869
504,1.1701899708417407
505,1.176319493404438
506,1.1713968893866589
507,1.1713895525082485
508,1.1672621342487146
509,1.1734197327332199
510,1.1845636330122045
511,1.1881618381869403
512,1.185313206386571
513,1.1827103189979637
514,1.1712354516001533
515,1.1692019380214465
516,1.1701938057147807
517,1.1656615871893636
518,1.164616537600521
519,1.1544658537777077
520,1.1544101999205132
521,1.156856003260621
522,1.1559021827140081
523,1.1536167458226836
524,1.1639268952161552
525,1.1651459043073953
526,1.1613664920372426
527,1.1543671955803212
528,1.1626142813543503
529,1.163340184205407
530,1.1693930980411824
531,1.164713283866723
532,1.1659514023167494
533,1.167699922643166
534,1.1659009035458425
535,1.1694087479555502
536,1.1768072457859897
537,1.1772060186624809
538,1.171558205941254
539,1.1627407122892373
540,1.1628928107293193
541,1.1624978273819095
542,1.1616774116125772
543,1.1671159908342565
544,1.1626008403164627
545,1.157308566243392
546,1.1572007243150797
547,1.1591615577405863
548,1.158577812813293
549,1.1520390620955054
550,1.157652553873215
551,1.1553700603775365
552,1.1582028445993056
553,1.151170274156672
554,1.1523147431972964
555,1.1476841094639072
556,1.1447054457089567
557,1.1404286991573913
558,1.1341203939976536
559,1.1379612221657187
560,1.1347618649182882
561,1.1367853116276023
562,1.133225641166484
563,1.140539371626471
564,1.1397285493570048
565,1.135613868946229
566,1.132801364150398
567,1.1371680596427218
568,1.133619924398459
569,1.1309155087011222
570,1.1295128669669947
571,1.1305374244576378
572,1.1325509537596226
573,1.1361709766319632
574,1.1304770253656047
575,1.1368044219575575
576,1.1341567356084779
577,1.1331330830586512
578,1.1322969487929386
579,1.1315037524459024
580,1.1382314648267329
581,1.1475669252366494
582,1.1554134704702546
583,1.1640010208842158
584,1.1572086966451647
585,1.1458038744926005
586,1.1411492617609316
587,1.1418046209228088
588,1.1427746845056515
589,1.1500954501963994
590,1.144447777551918
591,1.1398894231191286
592,1.140680669527752
593,1.1401524205605307
594,1.1410016674088077
595,1.1368356714865528
596,1.1405142865145843
597,1.1414562937542492
598,1.1424731704152211
599,1.139138125940048
600,1.144128870022541
601,1.1492618785568953
602,1.149716607693886
603,1.1436659604492398
604,1.1396720156682463
605,1.140760939410522
606,1.144581515159919
607,1.1435472616521036
608,1.1433458769173173
609,1.1429872565690793
610,1.138916584371798
611,1.1382714990204563
612,1.1441567652583444
613,1.1426952767247887
614,1.1484567671738242
615,1.1471821024334155
616,1.15014953882192
617,1.1552176927896665
618,1.1581054817872487
619,1.1574533871028225
620,1.1665312816159823
621,1.16571868879937
622,1.1627273981511714
623,1.1595733032401994
624,1.1609677889052745
625,1.157640762123397
626,1.1489192336368088
627,1.1467476506099792
628,1.1466175713194118
629,1.1459158640565612
630,1.1428413187085442
631,1.1393349956811356
632,1.1413647003516232
633,1.139546889391569
634,1.1334095044914885
635,1.1283943306245565
636,1.126340119795465
637,1.115131806732527
638,1.1153321652208514
639,1.1153788763336843
640,1.115746606002117
641,1.1180533869653655
642,1.115248911340447
643,1.1125343310254494
644,1.1070174961624355
645,1.1068020216835621
646,1.1126209964815315
647,1.1093736045663218
648,1.1068398672616582
649,1.109275087787928
650,1.1073749237190353
651,1.1065138976127726
652,1.1016331680084817
653,1.1028547620125704
654,1.1047186917963692
655,1.1020625932717094
656,1.115874338857414
657,1.11815736967573
658,1.1136922212382363
659,1.1162475719634932
660,1.1225735127346932
661,1.1184646950758999
662,1.1208362402207643
663,1.1193449167351988
664,1.1144450109869668
665,1.1142108476618062
666,1.106214170674573
667,1.112195202039147
668,1.1166802163225698
669,1.1168132887249853
670,1.114602978723423
671,1.1190658438023928
672,1.1172257010458515
673,1.1155865377091305
674,1.1129941565489656
675,1.121743379830021
676,1.1182080520795972
677,1.1154264889640055
678,1.1122711685458926
679,1.1135477016842943
680,1.1086900419320234
681,1.115266407378464
682,1.113799708869163
683,1.1143122134954078
684,1.1177826069008812
685,1.1125118417814528
686,1.111105943371559
687,1.115191931391141
688,1.1175540407551752
689,1.1175987887180248
690,1.1192774261915406
691,1.111177416172986
692,1.1176586507297133
693,1.1194563635716144
694,1.1308712970987533
695,1.1396757859639657
696,1.1381066741528059
697,1.1489129828772215
698,1.157384148372454
699,1.1558874299580226
700,1.16906722713033
701,1.1653921904874365
702,1.1549791651946701
703,1.1517135613999558
704,1.1523152758361994
705,1.1564687735656325
706,1.1597266941515332
707,1.1500238771531184
708,1.1537312274748084
709,1.1579698000572387
710,1.1559305638934543
711,1.1462525028053427
712,1.1500924677863846
713,1.147126312687731
714,1.150916993749597
715,1.1590364223328598
716,1.1617115349789406
717,1.162033310783015
718,1.1642560674116345
719,1.1600336334763188
720,1.1694624982446347
721,1.1669559172810096
722,1.1613416017771079
723,1.1586467504441487
724,1.1659591879668774
725,1.1781773176084138
726,1.1759934572944692
727,1.1711612246902334
728,1.1696636083067764
729,1.1621213326115027
730,1.1603292515024828
731,1.1608281663142257
732,1.1696593907577117
733,1.1711195341565197
734,1.1742411907569872
735,1.1717201445007919
736,1.17190468773092
737,1.1747045385771153
738,1.1749340618741544
739,1.1795146013549547
740,1.1823264141168104
741,1.1860415118129073
742,1.184895165118543
743,1.1764565808933851
744,1.1705765911901482
745,1.1743815008368836
746,1.176150363231654
747,1.1824237552012204
748,1.1784478265140568
749,1.1768929451083285
750,1.166830362389409
751,1.1720152114389386
752,1.1736943186992121
753,1.175739292562252
754,1.186500212407357
755,1.19709005223952
756,1.2006004546901914
757,1.196692123465193
758,1.1921447707388795
759,1.1880624171887109
760,1.1916056312404755
761,1.182468039147154
762,1.180457511416227
763,1.1864051318545057
764,1.1827853706998972
765,1.1807929360373162
766,1.18048579637406
767,1.1810592984384476
768,1.1748301990824435
769,1.1709697273851705
770,1.1703141468501301
771,1.1710241482527146
772,1.1648444263895261
773,1.163630878119342
774,1.1668005686974967
775,1.1588052102000808
776,1.156095770985674
777,1.1579588908047755
778,1.1607826007387048
779,1.1603459023988445
780,1.1786775950034716
781,1.1784372007314556
782,1.1793572685843834
783,1.1854071715354668
784,1.1838212701345538
785,1.181889126201525
786,1.185291284733413
787,1.18254970808005
788,1.185678630856586
789,1.1890374722689263
790,1.1915050848534907
791,1.1931710533424402
792,1.1863427659104127
793,1.1898805132315005
794,1.1884090137001042
795,1.1918736973225572
796,1.1835057410982996
797,1.1828971976402658
798,1.1873594665114429
799,1.1830962824404705
800,1.190626018598819
801,1.1934333367088876
802,1.1908895665519559
803,1.1937225769252846
804,1.1921958700809618
805,1.1920908474936387
806,1.18831822063962
807,1.1799471586887644
808,1.1840091016510907
809,1.1809595582091417
810,1.177609900806575
811,1.1780560246217255
812,1.176236254608285
813,1.172758095633139
814,1.177359836996764
815,1.1733131764774227
816,1.173810381829363
817,1.1757683767969165
818,1.1787728472567944
819,1.1813734976840746
820,1.1957017122014657
821,1.195038571663948
822,1.2031071558675592
823,1.1979565970218695
824,1.1968465011043474
825,1.1882845656650731
826,1.1860260712788253
827,1.1891269695101239
828,1.1948693692172747
829,1.1933587469099116
830,1.1944701597134257
831,1.1933186479240458
832,1.2016859576786127
833,1.2000945501923876
834,1.2063939900813772
835,1.2001097090032045
836,1.1996062957083247
837,1.1990664988113586
838,1.1948933106379536
839,1.1936769883177498
840,1.1878081109746212
841,1.1869634191570477
842,1.1807585824132962
843,1.1801095325501407
844,1.184637144569511
845,1.1829159225770407
846,1.1852343021454246
847,1.1967511234175228
848,1.19605019442191
849,1.1926194091430697
850,1.1892894380337415
851,1.1895471687414199
852,1.1860235923062965
853,1.1889008729155437
854,1.1874319218149665
855,1.1828374132136874
856,1.1844678426516881
857,1.183690981577242
858,1.1921713569281387
859,1.1944193408733519
860,1.1931030688749913
861,1.1954669574658459
862,1.1923275455013804
863,1.1897630532845513
864,1.1899275103879423
865,1.187438435337916
866,1.1837786813418836
867,1.1722192698518359
868,1.1721925289876538
869,1.164790293405318
870,1.167384492570989
871,1.1635882552954193
872,1.1585013795316428
873,1.155922902120078
874,1.1592022903986765
875,1.154686093850731
876,1.1563660699918037
877,1.1574830124222961
878,1.1598472153565136
879,1.1562028496702146
880,1.1544549083707516
881,1.1520951146208873
882,1.1543233302680387
883,1.154642245056797
884,1.1514855400696606
885,1.1592649761188771
886,1.156236048853738
887,1.164767492684434
888,1.171722606448069
889,1.17187344668859
890,1.1741915452693075
891,1.1625459829752272
892,1.1585150638238069
893,1.15467223609739
894,1.1495808923734259
895,1.1402266777637398
896,1.1320441697321306
897,1.1299948762197538
898,1.131995779854981
899,1.1220080071811533
900,1.1178805611136873
901,1.1202572346022819
902,1.118652429908603
903,1.1141842051717075
904,1.1071722317685455
905,1.1079493060493983
906,1.1134213919408547
907,1.1131394411363258
908,1.1059521137213053
909,1.108000234832675
910,1.1122693161071708
911,1.0953461745042972
912,1.1104477943735687
913,1.1137184756225562
914,1.1068045275407656
915,1.1007209391633397
916,1.1054535150285356
917,1.10332061668155
918,1.0978481620866047
919,1.0834832613645209
920,1.0866104356466157
921,1.0863167190362024
922,1.0835568486633032
923,1.0848509197184089
924,1.0844413160640198
925,1.084997950333357
926,1.0861317563342128
927,1.0856605879378045
928,1.0925059365205747
929,1.0926293491374142
930,1.0817569677481338
931,1.0888642931076606
932,1.094359380202272
933,1.1066035730608947
934,1.0984059929930623
935,1.102484291629881
936,1.1033407202462826
937,1.1062199723406605
938,1.109857170871913
939,1.1089529291500824
940,1.1099039978294538
941,1.12156818140898
942,1.116948555976755
943,1.1130270695477833
944,1.1160622200140555
945,1.1236820534795426
946,1.1207953667504447
947,1.1198662031989048
948,1.1138246716386837
949,1.112634749523408
950,1.1160929458154616
951,1.12450874835951
952,1.1223431133167516
953,1.1246007994729117
954,1.1262105629126897
955,1.129290561691159
956,1.1257995933612464
957,1.1283718862968835
958,1.123936761902322
959,1.1230131432058046
960,1.1185242083498368
961,1.1179374467792615
962,1.1197217469463043
963,1.1261190686371012
964,1.1235875012722327
965,1.1230174887640996
966,1.1193989151541601
967,1.1195410926224014
968,1.1263252923551208
969,1.127300239894272
970,1.1268874813699754
971,1.1247560537571177
972,1.1210127626711488
973,1.1152958820285528
974,1.1187923173349121
975,1.1163537650690543
976,1.1136717012526243
977,1.1095759888982926
978,1.1092356244429507
979,1.1116421688081397
980,1.111493245527777
981,1.1107186983278834
982,1.1164170273248875
983,1.1251800992824161
984,1.1252839648850759
985,1.125479692661316
986,1.1337244940649198
987,1.1342013671447089
988,1.1338382673553584
989,1.134074257555692
990,1.1396096288837447
991,1.1364257908187754
992,1.1341387014060968
993,1.1290841208741709
994,1.129929315934171
995,1.1315719414428855
996,1.1320106313560858
997,1.1305658811191102
998,1.1294783801021548
999,1.1279232462800188
1000,1.1275934393106362
1001,1.1347139990802064
1002,1.1385091610004752
1003,1.1389243371786222
1004,1.1466467037131418
1005,1.1428503941684407
1006,1.1421065051792905
1007,1.1449371588401032
1008,1.1446677265794747
1009,1.142878462959366
1010,1.1414298526762503
1011,1.1407960428524768
1012,1.1415105877433804
1013,1.13945639337127
1014,1.1352479565240712
1015,1.1344752185053382
1016,1.1345934832791535
1017,1.1303089237871067
1018,1.1250486717235144
1019,1.1249641046127588
1020,1.1263246375095857
1021,1.1304768254113122
1022,1.1328547154301412
1023,1.1377588675254178
1024,1.1507458622749698
1025,1.1452797978146319
1026,1.1507191741167813
1027,1.1526557329705829
1028,1.1486551577411388
1029,1.1496138443536856
1030,1.1504719060199275
1031,1.1527840723640652
1032,1.1516015256196261
1033,1.1580871037130716
1034,1.1553515680350077
1035,1.161585896351322
1036,1.1614645974504052
1037,1.1672017715854897
1038,1.1652266507971591
1039,1.1594052597269011
1040,1.1566766813383773
1041,1.1570056975138368
1042,1.1568838839700384
1043,1.1598740868990352
1044,1.150652490833246
1045,1.1524174957139386
1046,1.1474271949643529
1047,1.1456649340040832
1048,1.1476164489643024
1049,1.1478717914899494
1050,1.1514922853468246
1051,1.1477838590209892
1052,1.1533828343843862
1053,1.1558447988052492
1054,1.158912633576328
1055,1.1576195087976717
1056,1.1480117441384208
1057,1.1485685094972007
1058,1.1484398157669584
1059,1.1512689758411336
1060,1.1457074506068319
1061,1.1461286339548271
1062,1.1484439030074283
1063,1.1498677735276102
1064,1.149366065503156
1065,1.1553936619505893
1066,1.1573143699302277
1067,1.1634737317723591
1068,1.162352954008809
1069,1.1655042501523163
1070,1.1704294337230914
1071,1.1703603653653945
1072,1.1681652713172364
1073,1.1724120093465127
1074,1.1704981487066783
1075,1.1754591234784921
1076,1.1787469488354532
1077,1.1795953834926627
1078,1.1793119537242458
1079,1.1802762046503856
1080,1.1731675962696284
1081,1.1737063928109819
1082,1.1726585876632007
1083,1.1795572149692906
1084,1.1844402526111943
1085,1.1856782790559401
1086,1.1816169656164492
1087,1.1763245494067955
1088,1.178692326677708
1089,1.1812652059240119
1090,1.182550899948693
1091,1.1861958138792608
1092,1.1816667805632948
1093,1.1848641241374958
1094,1.1833311190942821
1095,1.189731999903997
1096,1.1975464061139245
1097,1.1965193236954201
1098,1.192154505059817
1099,1.1957909532543733
1100,1.1959198958492647
1101,1.2013407791262467
1102,1.2051029190807554
1103,1.2038262095869958
1104,1.212449821882563
1105,1.2152968405134368
1106,1.2042565443534177
1107,1.2028199105272397
1108,1.198360857768001
1109,1.2005797288453766
1110,1.200883410059631
1111,1.1954694322417048
1112,1.196206825386017
1113,1.1933540541113916
1114,1.1895414980086152
1115,1.1907847663772264
1116,1.190263711640222
1117,1.1851046199542787
1118,1.1792882257977206
1119,1.1813386817058231
1120,1.1821125910102757
1121,1.1759254299890711
1122,1.1751572620072306
1123,1.1733048386411715
1124,1.1742956947974115
1125,1.1774822250573116
1126,1.184469499595149
1127,1.1843946471118967
1128,1.185662555844491
1129,1.187824455308785
1130,1.1862040778455438
1131,1.180308452501307
1132,1.1785053459588737
1133,1.1820047381390484
1134,1.1764377722992931
1135,1.1751994497510658
1136,1.1734960569328186
1137,1.1760645010239126
1138,1.1678747664828764
1139,1.1674246124371614
1140,1.170975224664047
1141,1.1697967054049976
1142,1.1697331847312593
1143,1.1705146021416526
1144,1.166364749016394
1145,1.1704453106891124
1146,1.1678329505144858
1147,1.1698428358764854
1148,1.1729215158804216
1149,1.1698699816560811
1150,1.170961833693817
1151,1.1769216552116362
1152,1.1763043079651425
1153,1.1756445899907817
1154,1.1820046756687452
1155,1.1752827677784388
1156,1.1769833555363252
1157,1.1854318520182754
1158,1.1871086361146512
1159,1.1879185854480354
1160,1.18876807745183
1161,1.1854225794728244
1162,1.1836567660230042
1163,1.181869362548732
1164,1.184890463762662
1165,1.18131696426796
1166,1.1777533175949653
1167,1.177105615666645
1168,1.1724607548110904
1169,1.1706697974834992
1170,1.1699992822432588
1171,1.1679411666216581
1172,1.1739312966060602
1173,1.1749204649166507
1174,1.17376287401195
1175,1.1763454343509356
1176,1.1779527538200676
1177,1.1796502128419255
1178,1.1793375766263163
1179,1.181349753434973
1180,1.1857552646774112
1181,1.1906138941164184
1182,1.1971851660180577
1183,1.2020009830455094
1184,1.199759225790965
1185,1.2022697327969838
1186,1.201272927613523
1187,1.198432874723357
1188,1.1945803060420024
1189,1.1993941599102484
1190,1.2034199133717478
1191,1.2140991090195206
1192,1.2193784866503907
1193,1.2188425287368798
1194,1.2149746133413641
1195,1.2169355349772393
1196,1.2177620924075416
1197,1.2194988235796798
1198,1.2228591159589037
1199,1.2353776986920262
1200,1.2367570356457158
1201,1.239031277279236
1202,1.2329318132996385
1203,1.2346452378144626
1204,1.236358534331325
1205,1.2400592783092397
1206,1.233924634424673
1207,1.233575851246759
1208,1.2308515932013613
1209,1.22387416099658
1210,1.2244994144472177
1211,1.2247466620765977
1212,1.2263278449057788
1213,1.2303840288752734
1214,1.2411495792437315
1215,1.244724243594733
1216,1.2413488976131017
1217,1.2389165381586316
1218,1.2315062484524966
1219,1.228149711490457
1220,1.232614771424287
1221,1.231294225752489
1222,1.2328042303077344
1223,1.226542912396526
1224,1.2243381051165547
1225,1.2240711714278947
1226,1.2305057251646343
1227,1.2297845337304065
1228,1.237894829844156
1229,1.2343182344512649
1230,1.228486953690794
1231,1.2282523859517132
1232,1.229993128009451
1233,1.2339452995905167
1234,1.2331715008154642
1235,1.2290148617009289
1236,1.2282677555600454
1237,1.2299607544956666
1238,1.2254376604244865
1239,1.2326639295281434
1240,1.234295400594808
1241,1.2422902375464533
1242,1.2460090653116567
1243,1.2415369108216765
1244,1.23131082559808
1245,1.2310459128349431
1246,1.232042319609119
1247,1.2321739551379598
1248,1.2270567096857845
1249,1.2302994780027745
1250,1.2335640097134704
1251,1.236543211388832
1252,1.2408284274750563
1253,1.2339218015093862
1254,1.2364164767929584
1255,1.237953345417865
1256,1.2376441534651215
1257,1.2378473529527547
1258,1.234904851123039
1259,1.2299129112751082
1260,1.2209948931348666
1261,1.2240565809508352
1262,1.2173181147582752
1263,1.213086402561992
1264,1.2160945347008347
1265,1.2126219698343157
1266,1.2045785997779286
1267,1.2029349441797335
1268,1.2067360755529744
1269,1.2066039827151915
1270,1.2040532996890037
1271,1.2023941798583886
1272,1.2007597710644744
1273,1.2057199484468175
1274,1.2076652695345638
1275,1.2053018816475722
1276,1.1949006546153143
1277,1.1946672763369457
1278,1.193353999723776
1279,1.1933738434757466
1280,1.1927941847839616
1281,1.1940605927153611
1282,1.1913832695366287
1283,1.1970026161895433
1284,1.1940316079325677
1285,1.1914223345962538
1286,1.190018185055292
1287,1.1937436673339232
1288,1.195072660525218
1289,1.1919809860309856
1290,1.1921391169990259
1291,1.1951292832452518
1292,1.1962277272500916
1293,1.198060102313887
1294,1.1965055417299455
1295,1.1964024548235659
1296,1.1937528028948146
1297,1.1956327080971332
1298,1.188773876659373
1299,1.182858481265204
1300,1.183200574198238
1301,1.180425867641226
1302,1.1790343751411565
1303,1.1797491403760383
1304,1.1814276435993223
1305,1.1804659485149123
1306,1.1752174567990696
1307,1.1695544902029213
1308,1.1669673620394432
1309,1.1732326953150112
1310,1.1659445133484179
1311,1.1706942014159456
1312,1.1728138285290597
1313,1.173016410522284
1314,1.1747845959896108
1315,1.1755402414744263
1316,1.173755374423191
1317,1.165678018831283
1318,1.1651692947660355
1319,1.16421895256893
1320,1.1650610669501056
1321,1.1586337043922001
1322,1.1580306797240691
1323,1.1565093119588623
1324,1.1623550595207415
1325,1.1591787880286364
1326,1.1593685024398033
1327,1.1634776697941693
1328,1.1582275063897254
1329,1.1578528804400237
1330,1.159561485106535
1331,1.157935236349783
1332,1.155712281069242
1333,1.1509715226510548
1334,1.152650865295943
1335,1.148967056175196
1336,1.1514354018112702
1337,1.1530154331464424
1338,1.1506262396187514
1339,1.1466642948269878
1340,1.1407251585421334
1341,1.1388827400653396
1342,1.1346983488079536
1343,1.1363365134708292
1344,1.1397118482802049
1345,1.1449301516495478
1346,1.1495328020636715
1347,1.1508019820028543
1348,1.1442452441835442
1349,1.1534517085724487
1350,1.1554842422527731
1351,1.156443767101081
1352,1.1560588497465802
1353,1.1539704790832401
1354,1.1536383241275008
1355,1.1522198494916904
1356,1.1486119196957418
1357,1.1511286069383955
1358,1.153321339266382
1359,1.149819834666343
1360,1.1500382491602177
1361,1.1493825548603722
1362,1.1535173717809242
1363,1.1544454886647575
1364,1.1500052584651113
1365,1.1542333907979925
1366,1.1524824611705133
1367,1.1538373606525514
1368,1.158720306689043
1369,1.1548610120421199
1370,1.153746951336529
1371,1.1545765470426153
1372,1.1525600356173082
1373,1.1446088143101654
1374,1.146069880792376
1375,1.142725403906414
1376,1.1452422780045126
1377,1.1404888288859178
1378,1.1419125368213754
1379,1.1440662496765497
1380,1.1381839131206262
1381,1.1395835622699049
1382,1.1425503349614063
1383,1.1521529778489779
1384,1.1491620663685542
1385,1.152559459016522
1386,1.1516651183354545
1387,1.1472195123011524
1388,1.1461020871179628
1389,1.1480652873905504
1390,1.144029206573537
1391,1.1476078164946715
1392,1.144178257096872
1393,1.1427984420398294
1394,1.1459652762941654
1395,1.1370310965863348
1396,1.1375914255222015
1397,1.134754545635442
1398,1.1456499668022462
1399,1.1449249049198578
1400,1.1444983350787192
1401,1.1434640704676895
1402,1.1444637456173983
1403,1.1401929777464477
1404,1.1351228137191158
1405,1.1297126946736473
1406,1.1329110405672682
1407,1.1352733145554061
1408,1.136130603232487
1409,1.1421597393408962
1410,1.145008320533515
1411,1.140552815910164
1412,1.142941650908971
1413,1.1434261921115034
1414,1.1396654504446748
1415,1.138841353851876
1416,1.134954231960484
1417,1.1401675033580203
1418,1.1414113358810307
1419,1.1378267556169377
1420,1.1437514314870894
1421,1.1477232609267987
1422,1.146137641824451
1423,1.1472873135059993
1424,1.149652666354491
1425,1.1449325431964668
1426,1.1434989942944276
1427,1.1469840658296133
1428,1.1457901150410386
1429,1.1418049155594672
1430,1.146797095715449
1431,1.1483906750260913
1432,1.1498207251023824
1433,1.1562201167303505
1434,1.1511123916083539
1435,1.156528166343437
1436,1.1592747123644151
1437,1.1612236102526956
1438,1.1630683196261302
1439,1.1636794310681564
1440,1.1641784821112355
1441,1.1685536771288532
1442,1.165902732169878
1443,1.1733350189648035
1444,1.1706195273888291
1445,1.1714901387404961
1446,1.1727135053140552
1447,1.1691503043584968
1448,1.1693057929436892
1449,1.1684845203265812
1450,1.1639492306468997
1451,1.1629610420593486
1452,1.164028860408953
1453,1.1656277085541589
1454,1.1628286652982638
1455,1.1718675706113262
1456,1.1737227021894432
1457,1.174980862615544
1458,1.1784245694749997
1459,1.1800244781926714
1460,1.1769469286422976
1461,1.174560983547989
1462,1.1730240102418414
1463,1.1705332591212794
1464,1.170546299995312
1465,1.1709765169918425
1466,1.1649125635535142
1467,1.1672740804567288
1468,1.1646364390183075
1469,1.1662916025727958
1470,1.1681871878560364
1471,1.1688311730555276
1472,1.1755035935552847
1473,1.1775952645089438
1474,1.1733695836403013
1475,1.1749688829947709
1476,1.1757845666075082
1477,1.177259324701707
1478,1.1756134465778822
1479,1.1729604764568309
1480,1.1683463884258445
1481,1.1654449244099319
1482,1.162966911791701
1483,1.16401067426848
1484,1.1597594608450323
1485,1.163545792422516
1486,1.1634640862203494
1487,1.1656187796039528
1488,1.1706278540523747
1489,1.1656223305105524
1490,1.1696810420901111
1491,1.1689084256612705
1492,1.170759378482841
1493,1.1735839558707084
1494,1.1731223814588472
1495,1.1734201538990945
1496,1.1756062941203458
1497,1.1718233355093557
1498,1.1690885797016288
1499,1.1635299634879743
1500,1.1650563885841168
1501,1.162204310183502
1502,1.1626889553336333
1503,1.164046197165628
1504,1.1624623481253418
1505,1.1626989254062408
1506,1.1650601175447197
1507,1.1670736774225139
1508,1.1686021179339934
1509,1.162673067846477
1510,1.1649465598765145
1511,1.1635417886839765
1512,1.1598492153932831
1513,1.1605031747908798
1514,1.157501765130612
1515,1.1549033452605209
1516,1.1539096466945935
1517,1.1534009511812244
1518,1.1564199398615065
1519,1.1560191765441914
1520,1.158258091135186
1521,1.157943444916431
1522,1.1545668286375783
1523,1.1568253271193465
1524,1.155632004332679
1525,1.158339930955791
1526,1.15710204393935
1527,1.157783646031114
1528,1.1593694903165557
1529,1.1607875522630946
1530,1.1584014271592418
1531,1.1585107742991685
1532,1.1541004352247686
1533,1.1500334645381607
1534,1.1504490878102644
1535,1.1486281191586447
1536,1.1488463603362435
1537,1.1532866937356312
1538,1.1550899905885157
1539,1.1542928181135117
1540,1.1512738142627141
1541,1.1504657060061236
1542,1.1518073328664258
1543,1.1603412843964884
1544,1.166692420669132
1545,1.1667477123605041
1546,1.1665400843449165
1547,1.1701921455236897
1548,1.1734028471876936
1549,1.1677483631353642
1550,1.1690151228729893
1551,1.1684489756201055
1552,1.1694094594093267
1553,1.1674243323482434
1554,1.166264642450936
1555,1.1682743293582767
1556,1.1704252355820675
1557,1.1864679025965028
1558,1.1898147115966657
1559,1.1939844423613777
1560,1.192669615750982
1561,1.1910611142623426
1562,1.1903782783169632
1563,1.1914390865298572
1564,1.1822224447700351
1565,1.1861109440319557
1566,1.188509532400002
1567,1.1890876803344952
1568,1.1804851024434744
1569,1.1797614104050451
1570,1.1791501904751314
1571,1.1846316463207747
1572,1.1838224094327434
1573,1.1866565457997138
1574,1.1864829089966142
1575,1.1832464635678006
1576,1.1867046294016501
1577,1.191012913701516
1578,1.1886735999522466
1579,1.1878551678012401
1580,1.18413596436944
1581,1.185177870393096
1582,1.1818113395771677
1583,1.1823191210237678
1584,1.1804001854841715
1585,1.1831279761358187
1586,1.1795439158048346
1587,1.1803635193463948
1588,1.1874111692126152
1589,1.19090506691249
1590,1.192455277782396
1591,1.19872263808717
1592,1.1979898170370276
1593,1.199934575327028
1594,1.2008260800294306
1595,1.1963242130127363
1596,1.2001172934410655
1597,1.1991308680167847
1598,1.1970182089127857
1599,1.1931346460763383
1600,1.1952269483544913
1601,1.193831069634869
1602,1.1922812441169974
1603,1.2041355138314527
1604,1.1970275126806302
1605,1.1998836829822304
1606,1.19835432408147
1607,1.1947520959892513
1608,1.1915517429450355
1609,1.1902106920849673
1610,1.195679082437427
1611,1.2001398680470536
1612,1.1920137308039025
1613,1.1934085699885972
1614,1.189677118429085
1615,1.1871708234715004
1616,1.1863393993194786
1617,1.1896783094716852
1618,1.1917534432477022
1619,1.1894821767434214
1620,1.1913920295784715
1621,1.1900733063419904
1622,1.1891231981041108
1623,1.1908577665451987
1624,1.193148944978821
1625,1.1969680961154217
1626,1.1864305383927451
1627,1.1858201458519457
1628,1.1856980019945729
1629,1.1760627925275877
1630,1.1810011599780998
1631,1.1863237404046325
1632,1.1884193254560027
1633,1.1884647297474402
1634,1.1860881868512005
1635,1.1856409358108013
1636,1.1873999893604135
1637,1.1871249297732922
1638,1.1864241886557558
1639,1.188705416360364
1640,1.1851908806694071
1641,1.1890226370428243
1642,1.1931231619017124
1643,1.1945628666141355
1644,1.1924219318420282
1645,1.1909921190923909
1646,1.193180243336289
1647,1.1938028616499603
1648,1.192884165062149
1649,1.1910195344733652
1650,1.1907137999979251
1651,1.193894357900205
1652,1.1997065651527392
1653,1.2002045209997192
1654,1.1975720178846
1655,1.1900716285282327
1656,1.192613608369132
1657,1.1865521506602372
1658,1.1840814387400664
1659,1.1840715465868255
1660,1.1829534146452745
1661,1.1848811195147386
1662,1.1883150361062678
1663,1.1878440771558265
1664,1.1891189812070642
1665,1.1892996302018815
1666,1.1891291208870978
1667,1.1864473636172037
1668,1.1843391424401584
1669,1.1826908203831383
1670,1.183424440611088
1671,1.1810596471572326
1672,1.1815432342319616
1673,1.1836513240935465
1674,1.185882128573866
1675,1.1899684074487933
1676,1.1893382322708825
1677,1.1916961836890085
1678,1.1869570806576395
1679,1.1872296734544534
1680,1.1887144652251227
1681,1.192144116668378
1682,1.1935000804187212
1683,1.1945219138924594
1684,1.1944834346788684
1685,1.1933449762779655
1686,1.1913154706995075
1687,1.1928441129946221
1688,1.1903861664788307
1689,1.1918595140845452
1690,1.1957908072273542
1691,1.2023168523378405
1692,1.2052831016422954
1693,1.2083893331186337
1694,1.2080997903603128
1695,1.2124202548520133
1696,1.217108175489353
1697,1.217196379103893
1698,1.2119913978272416
1699,1.2099571240774547
1700,1.2126722248445896
1701,1.211215786941768
1702,1.209976483345566
1703,1.2135801918177842
1704,1.2125573196722417
1705,1.2132184678828677
1706,1.2132527177353454
1707,1.211744372878966
1708,1.2123876340905049
1709,1.2121832543254116
1710,1.2127364079288219
1711,1.2138948971300387
1712,1.211700356434762
1713,1.2115821924013521
1714,1.2158041391413381
1715,1.2193101056997253
1716,1.212488030663302
1717,1.2061783516458056
1718,1.2055424910893693
1719,1.20550090141795
1720,1.2044478422745184
1721,1.2054342098356206
1722,1.2046355537791844
1723,1.2029192437955987
1724,1.2043301495606908
1725,1.2048756061995771
1726,1.2047782363836086
1727,1.2066641811648402
1728,1.2057841879284907
1729,1.2046293759026914
1730,1.2130972749092412
1731,1.2200679350785584
1732,1.2167830816585885
1733,1.2144545909695117
1734,1.220849698440263
1735,1.208975858412688
1736,1.217148193171066
1737,1.2316656896222022
1738,1.2315539142454177
1739,1.2427322185245873
1740,1.2478577997750337
1741,1.2589316203832477
1742,1.2444396966660363
1743,1.239538036848145
1744,1.2219347854154017
1745,1.2004594975676175
1746,1.1979814316583912
1747,1.1968552616784378
1748,1.1785179921835922
1749,1.1631244751088063
1750,1.168268650434218
1751,1.1831510229110642
1752,1.2067403119860072
1753,1.2023034604629979
1754,1.2171894101164398
1755,1.2198395175696022
1756,1.2153979644873305
1757,1.2082993090243208
1758,1.2036682195730823
1759,1.209980738486585
1760,1.20793844589284
1761,1.2150252777383377
1762,1.2187606981071828
1763,1.2172773835960442
1764,1.2358539491641132
1765,1.244910979990953
1766,1.234571895008667
1767,1.2298082696788457
1768,1.2257397364119507
1769,1.227301875906381
1770,1.2210017827856348
1771,1.2297761865506738
1772,1.230136778507864
1773,1.2294420366029184
1774,1.227952553358777
1775,1.2282136114455193
1776,1.228958122468629
1777,1.2284702173897304
1778,1.2313234851399182
1779,1.2289503075556827
1780,1.2222636732398806
1781,1.231474809473572
1782,1.232366146434003
1783,1.222799415638765
1784,1.226754180814388
1785,1.227498875540674
1786,1.2313486260366882
1787,1.2337497902165664
1788,1.232355288534156
1789,1.2349239666015628
1790,1.238895575351249
1791,1.2302864728902123
1792,1.2309121252462571
1793,1.2288752645610785
1794,1.2286744170606554
1795,1.228622788464929
1796,1.232746601586606
1797,1.2383048160528374
1798,1.2409691414039405
1799,1.2391119356984739
1800,1.2347892282716308
1801,1.2421328731457384
1802,1.2321288058453175
1803,1.2398172203034903
1804,1.2458411341376319
1805,1.2491879012747624
1806,1.250239489966557
1807,1.2461520045745842
1808,1.2464077747451274
1809,1.2462523649770145
1810,1.2465876440769652
1811,1.2434009771815722
1812,1.247226746576192
1813,1.252964850188781
1814,1.25889919808855
1815,1.253927851304547
1816,1.2515982432778612
1817,1.253649538531615
1818,1.2531873458614256
1819,1.25750338263135
1820,1.2551450506597563
1821,1.2568860390650647
1822,1.2569417198795378
1823,1.2621374602960325
1824,1.2643312498939827
1825,1.2697453913500945
1826,1.2654917597917696
1827,1.2658881324300595
1828,1.2689280858011953
1829,1.2699054955311382
1830,1.271313649312595
1831,1.266886199565262
1832,1.2712251177460951
1833,1.2735468866051904
1834,1.2831952270397333
1835,1.2876898823481349
1836,1.2941928164380683
1837,1.2990610505272941
1838,1.3106327274986118
1839,1.3134788618359985
1840,1.3183053016685777
1841,1.3184313370204168
1842,1.3196890325780328
1843,1.3187421884286192
1844,1.327891191534569
1845,1.3381523982863335
1846,1.3419423335008687
1847,1.3294617691209296
1848,1.3309542181076552
1849,1.31219731217663
1850,1.31365486334251
1851,1.3166865483026529
1852,1.3165984419334837
1853,1.3288093064093183
1854,1.3356691094156576
1855,1.3220668304031242
1856,1.3195028903426678
1857,1.3165151960122286
1858,1.3147575109425311
1859,1.313141127995406
1860,1.3209363566206478
1861,1.3155307995979255
1862,1.3306820003453819
1863,1.3318618632577208
1864,1.331520232818858
1865,1.3221237283695344
1866,1.319981427367452
1867,1.318419423188669
1868,1.3188907252575734
1869,1.3168039654812438
1870,1.3208195179603022
1871,1.3223344087117908
1872,1.3199664250827137
1873,1.3253755358822206
1874,1.3274636090521135
1875,1.329563045514244
1876,1.3264475784658338
1877,1.3278717798226352
1878,1.3136738343194512
1879,1.3109462542359038
1880,1.299285688906588
1881,1.3003302981942184
1882,1.2966025233247704
1883,1.3023160001687346
1884,1.3087634371401764
1885,1.3086794664367105
1886,1.3135689473456074
1887,1.3111729693887135
1888,1.3156083948047625
1889,1.3116439637310022
1890,1.3088301593536176
1891,1.3098972470982977
1892,1.32299551143983
1893,1.322023310069544
1894,1.312034866713962
1895,1.3171095406391455
1896,1.3147575782580008
1897,1.315319328583373
1898,1.3189325295781038
1899,1.3217522888511213
1900,1.3294327528988052
1901,1.3213829898534477
1902,1.322802925132804
1903,1.3197361219997565
1904,1.320771891253455
1905,1.3127961883490147
1906,1.3074675905469486
1907,1.3108685262808417
1908,1.3120617985556735
1909,1.3202049993763454
1910,1.3180938205794543
1911,1.3365138722699137
1912,1.3394146377126717
1913,1.31298269671831
1914,1.3187130461878314
1915,1.313616761925422
1916,1.31760220844905
1917,1.322360768071169
1918,1.3244568175521088
1919,1.3262618451752548
1920,1.324015546469071
1921,1.3214562984807023
1922,1.3242931374591462
1923,1.3146742667560858
1924,1.309776464958715
1925,1.311407847388509
1926,1.3114885697145517
1927,1.3137248261754035
1928,1.3061824530306825
1929,1.319007949270638
1930,1.3225611950274703
1931,1.3286879780546115
1932,1.327346329525681
1933,1.332010607641503
1934,1.333513891222453
1935,1.3253691565870367
1936,1.32650195656824
1937,1.3263263949336752
1938,1.326165860001163
1939,1.332670075601473
1940,1.3355184873363086
1941,1.344690082271525
1942,1.343284812422142
1943,1.3403447282641776
1944,1.3346152249665353
1945,1.3383002284579708
1946,1.3382292142152803
1947,1.3381607231306125
1948,1.3417952011654843
1949,1.3470984217964377
1950,1.345826261196226
1951,1.3588487220217922
1952,1.3635305406102365
1953,1.3546259422974112
1954,1.3509178667537425
1955,1.334283861157498
1956,1.3335893776531897
1957,1.3362291958690713
1958,1.3366725026862096
1959,1.336286319084802
1960,1.3284233113567352
1961,1.328217606482117
1962,1.3321538442737932
1963,1.3383665655331232
1964,1.3410280782354602
1965,1.337730789120439
1966,1.336155189035705
1967,1.337540759742948
1968,1.332806634152362
1969,1.3332173657291937
1970,1.3350024485315395
1971,1.3326105398212391
1972,1.3267654184113908
1973,1.3261457794999092
1974,1.313834232977335
1975,1.3216943694808292
1976,1.32686208237147
1977,1.332437589286841
1978,1.333125638703964
1979,1.33009989159214
1980,1.3285631931602242
1981,1.32815589964122
1982,1.3207794919956084
1983,1.3148025255641986
1984,1.316178995678998
1985,1.3188909337939334
1986,1.3269720835448167
1987,1.3248027975231484
1988,1.3242386761613412
1989,1.3174450881905275
1990,1.3043180922144475
1991,1.3016772030556278
1992,1.3045809269893773
1993,1.2984869880376564
1994,1.2902329225038136
1995,1.2865938040719107
1996,1.2779124842544864
1997,1.2896799883552577
1998,1.2920843056529139
1999,1.2944203285116709
2000,1.2911977379683668
2001,1.2925233017415405
2002,1.2919276453358217
2003,1.2976954853389822
2004,1.2929951227745469
2005,1.2952501300607608
2006,1.29461799930835
2007,1.2883950114822416
2008,1.2875786571055945
2009,1.2833363206612545
2010,1.2858107057478647
2011,1.2784057239546922
2012,1.270540248834527
2013,1.2756836861622665
2014,1.2816180582617358
2015,1.2904491007374777
2016,1.2881809342207022
2017,1.2948335429177238
2018,1.2907270369027914
2019,1.290089876791375
2020,1.2943787196502965
2021,1.294148177550277
2022,1.300380177799436
2023,1.3035496637939776
2024,1.3065132699502424
2025,1.3084965363924097
2026,1.3116128259737465
2027,1.3088002395444265
2028,1.3102353153138164
2029,1.3109020770490505
2030,1.3092058673587215
2031,1.3120601484948906
2032,1.3100200261260722
2033,1.304723422631499
2034,1.3118181194444065
2035,1.3064808147842528
2036,1.3085479607306565
2037,1.3167523263958556
2038,1.3259174750501028
2039,1.3273099833960413
2040,1.3274352139876187
2041,1.3171747004362946
2042,1.3203266738096364
2043,1.3270173706643416
2044,1.3316416832489795
2045,1.3364717449399859
2046,1.3331630966148387
2047,1.3377406333914916
2048,1.3367632752419678
2049,1.3391039429399008
2050,1.3441642616564848
2051,1.3417957275537256
2052,1.34181996707706
2053,1.3433434939693838
2054,1.3454742204362227
2055,1.3430067298403225
2056,1.344592479182746
2057,1.331627180436132
2058,1.3393208490992126
2059,1.342354592820268
2060,1.340127737391321
2061,1.3395339083826683
2062,1.3421971125525765
2063,1.3343054013596825
2064,1.3316716030415852
2065,1.330638903832228
2066,1.316585053048345
2067,1.3017961372330604
2068,1.297376438647299
2069,1.3033096841463538
2070,1.3019901480532377
2071,1.3013581545668458
2072,1.3010512467412698
2073,1.3026961966887405
2074,1.3023316898655777
2075,1.2975633713191421
2076,1.29712878463682
2077,1.296359625177378
2078,1.300552925358467
2079,1.3018513138811658
2080,1.3011075374355783
2081,1.3016767336751012
2082,1.304634869516224
2083,1.307168733917558
2084,1.3058032724658803
2085,1.303065853954061
2086,1.3100677125184452
2087,1.3096941266405715
2088,1.3045062650714054
2089,1.3046111311872142
2090,1.3021876517601159
2091,1.302277325740019
2092,1.3024003255453125
2093,1.3007955616280995
2094,1.3018506280129933
2095,1.3027967125575082
2096,1.306355870120833
2097,1.3144667799263077
2098,1.3101389605541762
2099,1.310888717473449
2100,1.310358540006831
2101,1.3091518797562884
2102,1.3074462456292344
2103,1.2941797631458913
2104,1.286186018689185
2105,1.2846314767081568
2106,1.2906661048579122
2107,1.2901334868837007
2108,1.2992667019537885
2109,1.301419185924451
2110,1.2974353663922298
2111,1.2975279775871829
2112,1.2940674682642388
2113,1.2946268176520574
2114,1.302917572433194
2115,1.3031322417861886
2116,1.300279707100208
2117,1.299041337605975
2118,1.307993225243921
2119,1.3051550547506305
2120,1.3070139585970708
2121,1.3074591374428828
2122,1.3083664278732523
2123,1.3128035838190129
2124,1.3110948017367816
2125,1.3027991200404498
2126,1.301020206069344
2127,1.3041468572805093
2128,1.302548314063344
2129,1.302695089609131
2130,1.3060727718168192
2131,1.3050872186469058
2132,1.292749300935027
2133,1.2901920732101275
2134,1.2934887503517885
2135,1.2958618427239537
2136,1.2925724307349946
2137,1.288430102737018
2138,1.2880306317342782
2139,1.2880608457754579
2140,1.2822048502939347
2141,1.2760818651790957
2142,1.2846510809276361
2143,1.286241595535204
2144,1.2895376545686332
2145,1.2860553435171291
2146,1.2841191113537218
2147,1.2843820684437495
2148,1.2814542365899337
2149,1.2812695615674266
2150,1.2921466692825352
2151,1.292011250127902
2152,1.2858672007409662
2153,1.2857385044097975
2154,1.2894331248930633
2155,1.2927643571733147
2156,1.2925737825948582
2157,1.2962149441290178
2158,1.2975115276778584
2159,1.2940186245984922
2160,1.2948451178073097
2161,1.2987392068626868
2162,1.2902982549993893
2163,1.2942399895980417
2164,1.2914143004972005
2165,1.2894221741420442
2166,1.291831727800951
2167,1.2973426097297864
2168,1.3004400734165256
2169,1.3025987684253617
2170,1.3009336901203141
2171,1.3014172564477688
2172,1.302496995772782
2173,1.2993933511600884
2174,1.2937774360626113
2175,1.2993039734304699
2176,1.2988154595185841
2177,1.2935501660050162
2178,1.2820960334252158
2179,1.278686907239925
2180,1.2763278529339077
2181,1.2764645179246723
2182,1.2836889353861467
2183,1.2813756354156993
2184,1.282285559659212
2185,1.2841420391753038
2186,1.279769364836906
2187,1.283459378955824
2188,1.280082912690778
2189,1.2814470552736144
2190,1.2838301661966043
2191,1.2800185835868005
2192,1.2826897655479232
2193,1.2821227224896152
2194,1.2780332342556509
2195,1.2798641034507063
2196,1.2867646843051552
2197,1.2826356186915715
2198,1.2823141272814205
2199,1.281992508506291
2200,1.2869967262813307
2201,1.2881777589372292
2202,1.288371067520327
2203,1.2871779063702675
2204,1.2884238011943776
2205,1.2871347934703827
2206,1.2937208049068172
2207,1.2858689484896564
2208,1.2876063474287052
2209,1.286655975140304
2210,1.281212505982399
2211,1.2854806849968945
2212,1.285255659017946
2213,1.2914290882485093
2214,1.2973308903513727
2215,1.2978230164276792
2216,1.295403086554402
2217,1.2949536128632833
2218,1.29099829894674
2219,1.297635173218239
2220,1.297010412933293
2221,1.298218100421168
2222,1.2987558610697643
2223,1.2989963610503077
2224,1.2895621420359886
2225,1.278761377414415
2226,1.2780252513654606
2227,1.2827834830114102
2228,1.2860326239765882
2229,1.2936855594269965
2230,1.2929791907138155
2231,1.2950433153693117
2232,1.2933166773607205
2233,1.298935459461771
2234,1.2992380126683505
2235,1.2982435584129521
2236,1.3023741406953415
2237,1.3091215950234205
2238,1.3082358604293705
2239,1.3100822326532457
2240,1.3082609469542914
2241,1.3101285562919376
2242,1.3030855291801513
2243,1.3026179973443746
2244,1.3073582512424935
2245,1.3107497114074056
2246,1.307334539258278
2247,1.3077329350701545
2248,1.3110699029559678
2249,1.3125211985902348
2250,1.323562647966356
2251,1.3174021289055395
2252,1.313871171742355
2253,1.306709134220365
2254,1.2974603084577256
2255,1.2910794371781522
2256,1.2949104300585805
2257,1.3015318691930766
2258,1.2959961662344488
2259,1.2971689740997905
2260,1.2929074018250015
2261,1.2958771141776897
2262,1.2972707547566915
2263,1.2975458963025825
2264,1.2869715283682484
2265,1.2907430333569818
2266,1.2986537285276936
2267,1.2977102892909067
2268,1.2921004709268764
2269,1.2914028878338117
2270,1.2861643953377806
2271,1.2859547069881245
2272,1.2862964724100945
2273,1.2880404134390155
2274,1.2886470386058109
2275,1.2895526332180636
2276,1.2936129472050404
2277,1.289652580631293
2278,1.2780817026768097
2279,1.2819103489022454
2280,1.278078507330125
2281,1.2703878978304495
2282,1.2580741964018793
2283,1.2574065879664593
2284,1.2490414515829076
2285,1.2434568532562948
2286,1.24738171913778
2287,1.2395426267396075
2288,1.248095969873013
2289,1.2388744331370434
2290,1.2385959679348504
2291,1.2301028049201113
2292,1.2265026338721883
2293,1.2292914901844196
2294,1.2181881980681697
2295,1.2161549135005432
2296,1.2195749456322704
2297,1.2237582755582685
2298,1.2224074983337432
2299,1.2351778162097617
2300,1.2357822191432437
2301,1.2440340808016102
2302,1.2490238080335936
2303,1.2433587968613244
2304,1.2432334557184408
2305,1.245186032518574
2306,1.2481626647318866
2307,1.2409522528272185
2308,1.2377135174302079
2309,1.2364970647891231
2310,1.237799279287927
2311,1.2346393185034588
2312,1.2303113884167864
2313,1.2300627791589314
2314,1.213648083646531
2315,1.2095071585207242
2316,1.2202452493458618
2317,1.2324263532259476
2318,1.2239439123184745
2319,1.2252792351640212
2320,1.2237324314187707
2321,1.2256956320888686
2322,1.2232493527124262
2323,1.2247626823364055
2324,1.2246643264809527
2325,1.2208952523315635
2326,1.217955528683628
2327,1.2181171543050273
2328,1.2161854735404427
2329,1.2159730548510366
2330,1.2004808245204819
2331,1.1927625959483734
2332,1.193079208937243
2333,1.1938711446652848
2334,1.1849816246170541
2335,1.183799113768314
2336,1.1860806089211897
2337,1.1767324294163395
2338,1.1786966523970182
2339,1.182528564069099
2340,1.1864204338270101
2341,1.181054584748486
2342,1.1879071416964058
2343,1.1914526245980943
2344,1.1897317787057216
2345,1.1861269334136169
2346,1.193357656476051
2347,1.2010111147312
2348,1.2048784470984355
2349,1.208533906874064
2350,1.2017093856887917
2351,1.2013675341796644
2352,1.2104422293338157
2353,1.2017181258311993
2354,1.205879355673644
2355,1.2076528544790424
2356,1.2148021870772467
2357,1.2138215663620529
2358,1.214244757272895
2359,1.2051591100049432
2360,1.202684007023598
2361,1.1994198072176148
2362,1.1943321954836839
2363,1.1875821712550783
2364,1.1799491675273504
2365,1.184914885772312
2366,1.183997452402031
2367,1.1871578563965595
2368,1.1798069670555322
2369,1.174701029435864
2370,1.1727044512565055
2371,1.1644089516840426
2372,1.1675994277155186
2373,1.1657328006030714
2374,1.1602044675044803
2375,1.1657196936267864
2376,1.1641210732477543
2377,1.173676683491981
2378,1.1756492684252955
2379,1.1635436548342482
2380,1.1630601286204798
2381,1.1554082420445722
2382,1.1576709465620116
2383,1.157562817141522
2384,1.1528359607125267
2385,1.1489439697595896
2386,1.1475153416522559
2387,1.1331228643842677
2388,1.1227581028695575
2389,1.122992898458668
2390,1.1349855936749964
2391,1.1405853802050443
2392,1.1398582064019354
2393,1.1481584229292057
2394,1.160227013280473
2395,1.1540677246768207
2396,1.14921902233223
2397,1.1425521583409146
2398,1.134435152706324
2399,1.1335017009602557
2400,1.1342607447646589
2401,1.1354988073471979
2402,1.1265504657515175
2403,1.1327149292441188
2404,1.1331593679157763
2405,1.1233953043624034
2406,1.1237658928321168
2407,1.13358574386809
2408,1.1303574437949413
2409,1.1347392046946496
2410,1.147228596164105
2411,1.1415531847623575
2412,1.1357577953855575
2413,1.12766096499448
2414,1.1316115215615887
2415,1.1267286855177128
2416,1.1210550565399504
2417,1.1452791372886013
2418,1.1452837026724896
2419,1.1550129714386062
2420,1.1505857848653598
2421,1.176058141254987
2422,1.1904904211323621
2423,1.1903596562771668
2424,1.194452459532426
2425,1.193076437762752
2426,1.1857387486018756
2427,1.1834971911797154
2428,1.1752426632879227
2429,1.1798652579940874
2430,1.1864424294016427
2431,1.1895528546056464
2432,1.187760298524632
2433,1.1815065039139367
2434,1.1842466498262572
2435,1.1945949343386977
2436,1.210921783328216
2437,1.212272343954905
2438,1.2035578500290078
2439,1.2018742105131242
2440,1.2072939529680544
2441,1.2102866178005485
2442,1.211897901515513
2443,1.207030289483352
2444,1.2197830028024816
2445,1.2213055344302874
2446,1.2086629297505402
2447,1.2113577742552302
2448,1.210728696288893
2449,1.2238011147461847
2450,1.220629846050288
2451,1.215531422285845
2452,1.2159843882670853
2453,1.2165334730024897
2454,1.2226762147713781
2455,1.229997175536971
2456,1.228669494867735
2457,1.2265362874443664
2458,1.231723082972595
2459,1.2229626935863664
2460,1.2374272368093975
2461,1.2447558452636545
2462,1.2450207719439794
2463,1.244601071084151
2464,1.256416566898582
2465,1.2639631318177844
2466,1.261180326732975
2467,1.258532336560587
2468,1.259098703063898
2469,1.2652518274746116
2470,1.2628817013128242
2471,1.262590957379416
2472,1.2647242089918023
2473,1.269118598496021
2474,1.263943012029969
2475,1.2631565702923508
2476,1.2615914271512865
2477,1.264354477294554
2478,1.2749462756811294
2479,1.2644944420995328
2480,1.2450973420647706
2481,1.2411106362223259
2482,1.2444774397225378
2483,1.2452162299163376
2484,1.2430269528319355
2485,1.2405897305692788
2486,1.238959112252301
2487,1.2388359856126745
2488,1.2303902887202947
2489,1.2297631874609463
2490,1.2310388556381078
2491,1.2311323323579542
2492,1.227398403943453
2493,1.2231055492938494
2494,1.2216600221902127
2495,1.2130921288817995
2496,1.2174560313251792
2497,1.2184803031892497
2498,1.2254830379918762
2499,1.2203934576163007
2500,1.2276904048992252
2501,1.226836809957133
2502,1.211994851106134
2503,1.212136409210001
2504,1.2185079113545232
2505,1.2326869362674981
2506,1.249775785781978
2507,1.2452824967496547
2508,1.2416853498566143
2509,1.2434506892127628
2510,1.2649552976141818
2511,1.2621373531088147
2512,1.2552799132724117
2513,1.265469033801835
2514,1.2725326193361535
2515,1.265139077398132
2516,1.2613571070311884
2517,1.266440990354282
2518,1.2624325792838063
2519,1.2666380962220811
2520,1.2652765743331196
2521,1.269836992800495
2522,1.2805268745199236
2523,1.2792417911932086
2524,1.2766209925206544
2525,1.273405282180738
2526,1.2798135839265274
2527,1.2886034443658863
2528,1.2798826256255642
2529,1.2718448654573313
2530,1.2757823913024307
2531,1.272247498020792
