date,USDAUX,USDCHF,USDEUR,USDGBP,USDJPY,USDCNY,USDCHF,USDSGD
2023-03-24 00:00:00+00:00,1977.47,0.9164000153541564,0.9229300022125244,0.8142300248146057,130.86500549316406,6.818399906158447,0.9164000153541564,1.3274999856948853
2023-03-23 00:00:00+00:00,1993.84,0.9165199995040894,0.9199299812316896,0.8143500089645386,131.1790008544922,6.879199981689453,0.9165199995040894,1.329609990119934
2023-03-22 00:00:00+00:00,1969.94,0.9214699864387512,0.9281399846076964,0.8179900050163269,132.34800720214844,6.882999897003174,0.9214699864387512,1.3367799520492554
2023-03-21 00:00:00+00:00,1940.53,0.929199993610382,0.9329100251197816,0.8145800232887268,131.39199829101562,6.877699851989746,0.929199993610382,1.3372000455856323
2023-03-20 00:00:00+00:00,1979.09,0.9267399907112122,0.9364299774169922,0.8205000162124634,132.28399658203125,6.886099815368652,0.9267399907112122,1.3404200077056885
2023-03-17 00:00:00+00:00,1989.01,0.92917001247406,0.9421399831771852,0.82573002576828,133.3679962158203,6.897500038146973,0.92917001247406,1.3459700345993042
2023-03-16 00:00:00+00:00,1919.47,0.931029975414276,0.9448800086975098,0.8285499811172485,132.9290008544922,6.905900001525879,0.931029975414276,1.351009964942932
2023-03-15 00:00:00+00:00,1918.39,0.9144999980926514,0.9321699738502502,0.8228999972343445,134.39700317382812,6.870500087738037,0.9144999980926514,1.345080018043518
2023-03-14 00:00:00+00:00,1902.4,0.9124910235404968,0.9323999881744384,0.8216000199317932,133.11399841308594,6.844600200653076,0.9124910235404968,1.3467999696731567
2023-03-13 00:00:00+00:00,1913.56,0.91839998960495,0.9360100030899048,0.8278599977493286,134.97999572753906,6.905200004577637,0.91839998960495,1.3473800420761108
2023-03-10 00:00:00+00:00,1867.83,0.9328500032424928,0.9447600245475768,0.8387500047683716,136.39500427246094,6.963600158691406,0.9328500032424928,1.353219985961914
2023-03-09 00:00:00+00:00,1830.92,0.9408699870109558,0.9479100108146667,0.8438699841499329,137.2259979248047,6.950300216674805,0.9408699870109558,1.3531999588012695
2023-03-08 00:00:00+00:00,1813.81,0.942229986190796,0.9477999806404114,0.8454700112342834,137.39100646972656,6.961400032043457,0.942229986190796,1.3544600009918213
2023-03-07 00:00:00+00:00,1814.06,0.9306899905204772,0.9355999827384948,0.8314999938011169,135.99899291992188,6.929399967193604,0.9306899905204772,1.345139980316162
2023-03-06 00:00:00+00:00,1846.92,0.9368000030517578,0.941070020198822,0.8313599824905396,135.86000061035156,6.906799793243408,0.9368000030517578,1.345170021057129
2023-03-03 00:00:00+00:00,1855.0,0.9418699741363524,0.9434199929237366,0.8367099761962891,136.7050018310547,6.91379976272583,0.9418699741363524,1.3473299741744995
2023-03-02 00:00:00+00:00,1836.26,0.9394699931144714,0.9373000264167786,0.8312600255012512,136.19400024414062,6.868000030517578,0.9394699931144714,1.341920018196106
2023-03-01 00:00:00+00:00,1837.18,0.941868007183075,0.9454200267791748,0.8310099840164185,136.34800720214844,6.932300090789795,0.941868007183075,1.348330020904541
2023-02-28 00:00:00+00:00,1826.65,0.9355999827384948,0.9423999786376952,0.8290799856185913,136.31700134277344,6.943900108337402,0.9355999827384948,1.346500039100647
2023-02-27 00:00:00+00:00,1816.48,0.9400299787521362,0.9474400281906128,0.836650013923645,136.39500427246094,6.954999923706055,0.9400299787521362,1.3495899438858032
2023-02-24 00:00:00+00:00,1811.04,0.9336900115013124,0.9435700178146362,0.832099974155426,134.6280059814453,6.9070000648498535,0.9336900115013124,1.342829942703247
2023-02-23 00:00:00+00:00,1824.29,0.9312400221824646,0.9428799748420716,0.8298799991607666,134.9320068359375,6.891300201416016,0.9312400221824646,1.3401999473571775
2023-02-22 00:00:00+00:00,1825.26,0.9275000095367432,0.9387900233268738,0.8258100152015686,134.9759979248047,6.872499942779541,0.9275000095367432,1.3402299880981443
2023-02-21 00:00:00+00:00,1835.13,0.9231799840927124,0.9361000061035156,0.8306199908256531,134.33599853515625,6.854100227355957,0.9231799840927124,1.3359400033950806
2023-02-20 00:00:00+00:00,1841.44,0.92535001039505,0.9359400272369384,0.8312699794769287,134.3070068359375,6.857600212097168,0.92535001039505,1.337030053138733
2023-02-17 00:00:00+00:00,1841.46,0.926460027694702,0.9375799894332886,0.8350499868392944,134.07400512695312,6.859700202941895,0.926460027694702,1.3370100259780884
2023-02-16 00:00:00+00:00,1837.87,0.923359990119934,0.9352999925613404,0.8305799961090088,133.9029998779297,6.851900100708008,0.923359990119934,1.3354699611663818
2023-02-15 00:00:00+00:00,1834.59,0.92153000831604,0.931469976902008,0.821399986743927,132.99099731445312,6.825900077819824,0.92153000831604,1.3284599781036377
2023-02-14 00:00:00+00:00,1855.61,0.918619990348816,0.9319300055503844,0.8228999972343445,132.33700561523438,6.821899890899658,0.918619990348816,1.3280400037765503
2023-02-13 00:00:00+00:00,1853.62,0.9237899780273438,0.9365299940109252,0.8297200202941895,131.55099487304688,6.808300018310547,0.9237899780273438,1.329609990119934
2023-02-10 00:00:00+00:00,1864.82,0.921974003314972,0.930899977684021,0.8252999782562256,131.5189971923828,6.779699802398682,0.921974003314972,1.325369954109192
2023-02-09 00:00:00+00:00,1861.3,0.9209100008010864,0.9332000017166138,0.8284000158309937,131.38699340820312,6.7881999015808105,0.9209100008010864,1.3258600234985352
2023-02-08 00:00:00+00:00,1876.31,0.9216499924659728,0.9319900274276732,0.8295599818229675,131.04200744628906,6.791200160980225,0.9216499924659728,1.323199987411499
2023-02-07 00:00:00+00:00,1871.28,0.927869975566864,0.9319000244140624,0.8314800262451172,132.6230010986328,6.794000148773193,0.927869975566864,1.3272000551223757
2023-02-06 00:00:00+00:00,1867.87,0.9263299703598022,0.92671000957489,0.8302099704742432,132.00900268554688,6.774199962615967,0.9263299703598022,1.3248000144958496
2023-02-03 00:00:00+00:00,1865.75,0.9132000207901,0.9169999957084656,0.8181300163269043,128.74600219726562,6.731500148773193,0.9132000207901,1.3105299472808838
2023-02-02 00:00:00+00:00,1912.82,0.907260000705719,0.9080299735069276,0.8070999979972839,128.6219940185547,6.740799903869629,0.907260000705719,1.3051700592041016
2023-02-01 00:00:00+00:00,1950.36,0.9162499904632568,0.9207299947738647,0.8124200105667114,130.11000061035156,6.753600120544434,0.9162499904632568,1.3138999938964844
2023-01-31 00:00:00+00:00,1928.83,0.925279974937439,0.9215999841690063,0.8094800114631653,130.47900390625,6.747799873352051,0.925279974937439,1.3142000436782837
2023-01-30 00:00:00+00:00,1922.49,0.92085999250412,0.9198399782180786,0.8064320087432861,129.85400390625,6.782400131225586,0.92085999250412,1.3120800256729126
2023-01-27 00:00:00+00:00,1928.08,0.920199990272522,0.917900025844574,0.8054599761962891,129.8000030517578,6.78249979019165,0.920199990272522,1.3111000061035156
2023-01-26 00:00:00+00:00,1929.13,0.9169700145721436,0.9155799746513368,0.8056399822235107,129.23699951171875,6.782899856567383,0.9169700145721436,1.3117799758911133
2023-01-25 00:00:00+00:00,1947.31,0.9222999811172484,0.918429970741272,0.8110799789428711,130.23899841308594,6.7835001945495605,0.9222999811172484,1.3197699785232544
2023-01-24 00:00:00+00:00,1937.89,0.9216700196266174,0.9196000099182128,0.8077700138092041,130.5970001220703,6.7829999923706055,0.9216700196266174,1.3183000087738037
2023-01-23 00:00:00+00:00,1930.99,0.9198899865150452,0.9203799962997437,0.8060399889945984,129.35400390625,6.782599925994873,0.9198899865150452,1.318660020828247
2023-01-20 00:00:00+00:00,1926.96,0.915499985218048,0.9230300188064576,0.8068900108337402,128.3699951171875,6.7758002281188965,0.915499985218048,1.3210999965667725
2023-01-19 00:00:00+00:00,1932.26,0.91593998670578,0.926110029220581,0.8098700046539307,128.53900146484375,6.747099876403809,0.91593998670578,1.3201199769973757
2023-01-18 00:00:00+00:00,1904.04,0.9219200015068054,0.9265000224113464,0.8140199780464172,128.281005859375,6.77239990234375,0.9219200015068054,1.3199000358581543
2023-01-17 00:00:00+00:00,1908.91,0.9253900051116944,0.9233499765396118,0.8191499710083008,128.3209991455078,6.732500076293945,0.9253900051116944,1.3199900388717651
2023-01-16 00:00:00+00:00,1916.74,0.9267200231552124,0.9238200187683104,0.8178799748420715,128.0260009765625,6.7017998695373535,0.9267200231552124,1.3199000358581543
2023-01-13 00:00:00+00:00,1919.69,0.9272000193595886,0.9207900166511536,0.8184800148010254,129.1719970703125,6.737800121307373,0.9272000193595886,1.32246994972229
2023-01-12 00:00:00+00:00,1897.02,0.9309200048446656,0.928849995136261,0.8223999738693237,131.90199279785156,6.769000053405762,0.9309200048446656,1.3301299810409546
2023-01-11 00:00:00+00:00,1876.61,0.9222400188446044,0.931190013885498,0.8227400183677673,132.1009979248047,6.777400016784668,0.9222400188446044,1.3316500186920166
2023-01-10 00:00:00+00:00,1877.34,0.920930027961731,0.931689977645874,0.8206899762153625,131.72900390625,6.770999908447266,0.920930027961731,1.330399990081787
2023-01-09 00:00:00+00:00,1870.93,0.9268699884414672,0.938409984111786,0.8253300189971924,131.86199951171875,6.837399959564209,0.9268699884414672,1.333789944648743
2023-01-06 00:00:00+00:00,1865.68,0.9358299970626832,0.9503700137138368,0.8394700288772583,133.3070068359375,6.881499767303467,0.9358299970626832,1.34552001953125
2023-01-05 00:00:00+00:00,1832.82,0.9295899868011476,0.9428300261497498,0.8293899893760681,132.24600219726562,6.887800216674805,0.9295899868011476,1.341439962387085
2023-01-04 00:00:00+00:00,1855.21,0.9358000159263612,0.9481499791145324,0.8354399800300598,131.2480010986328,6.914100170135498,0.9358000159263612,1.3453400135040283
2023-01-03 00:00:00+00:00,1839.29,0.9240000247955322,0.9365299940109252,0.8289899826049805,130.79400634765625,6.89709997177124,0.9240000247955322,1.3411999940872192
2023-01-02 00:00:00+00:00,1823.76,0.923799991607666,0.9337300062179564,0.8250600099563599,130.84500122070312,6.896900177001953,0.923799991607666,1.3373199701309204
2022-12-30 00:00:00+00:00,1823.85,0.9228500127792358,0.9380199909210204,0.8294399976730347,132.91600036621094,6.963099956512451,0.9228500127792358,1.3435200452804563
2022-12-29 00:00:00+00:00,1814.54,0.9277099967002868,0.9408000111579896,0.8313599824905396,134.03399658203125,6.97760009765625,0.9277099967002868,1.349239945411682
2022-12-28 00:00:00+00:00,1804.58,0.929199993610382,0.9401000142097472,0.8314399719238281,133.48599243164062,6.959000110626221,0.929199993610382,1.347599983215332
2022-12-23 00:00:00+00:00,1797.98,0.930999994277954,0.9430999755859376,0.8305699825286865,132.35699462890625,6.982999801635742,0.930999994277954,1.3514000177383425
2022-12-22 00:00:00+00:00,1792.44,0.9262999892234802,0.9424999952316284,0.8279929757118225,132.3699951171875,6.980599880218506,0.9262999892234802,1.3507000207901
2022-12-21 00:00:00+00:00,1814.57,0.9261900186538696,0.9409999847412108,0.8203999996185303,131.89199829101562,6.9608001708984375,0.9261900186538696,1.3510799407958984
2022-12-20 00:00:00+00:00,1818.16,0.928730010986328,0.9420999884605408,0.8228200078010559,136.9949951171875,6.978600025177002,0.928730010986328,1.356289982795715
2022-12-19 00:00:00+00:00,1787.5,0.9345800280570984,0.94472998380661,0.822350025177002,136.69000244140625,6.972099781036377,0.9345800280570984,1.3588099479675293
2022-12-16 00:00:00+00:00,1793.25,0.9276400208473206,0.9398000240325928,0.8203999996185303,137.75100708007812,6.9721999168396,0.9276400208473206,1.360419988632202
2022-12-15 00:00:00+00:00,1776.7,0.9243500232696532,0.9366499781608582,0.8051900267601013,135.34800720214844,6.949900150299072,0.9243500232696532,1.3476300239562988
2022-12-14 00:00:00+00:00,1807.19,0.928979992866516,0.9410300254821776,0.8092799782752991,135.58399963378906,6.943399906158447,0.928979992866516,1.3467899560928345
2022-12-13 00:00:00+00:00,1809.91,0.9357399940490724,0.9486100077629088,0.8149399757385254,137.50399780273438,6.976500034332275,0.9357399940490724,1.3544299602508545
2022-12-12 00:00:00+00:00,1781.24,0.9349899888038636,0.9503700137138368,0.8170499801635742,136.71200561523438,6.956600189208984,0.9349899888038636,1.35371994972229
2022-12-09 00:00:00+00:00,1796.41,0.9358599781990052,0.9470000267028807,0.8172600269317627,136.61399841308594,6.966300010681152,0.9358599781990052,1.3526999950408936
2022-12-08 00:00:00+00:00,1789.02,0.9402700066566468,0.9511799812316896,0.8188400268554688,136.38099670410156,6.972599983215332,0.9402700066566468,1.3551700115203855
2022-12-07 00:00:00+00:00,1785.85,0.9420300126075744,0.9552000164985656,0.8241980075836182,136.88600158691406,6.994900226593018,0.9420300126075744,1.3587100505828855
2022-12-06 00:00:00+00:00,1771.46,0.942300021648407,0.9526600241661072,0.8201799988746643,136.65199279785156,6.960899829864502,0.942300021648407,1.3560999631881714
2022-12-05 00:00:00+00:00,1768.35,0.9364500045776368,0.948390007019043,0.8131899833679199,134.47500610351562,7.023900032043457,0.9364500045776368,1.3503299951553345
2022-12-02 00:00:00+00:00,1797.77,0.936389982700348,0.949810028076172,0.8157100081443787,135.14999389648438,7.043700218200684,0.936389982700348,1.3531999588012695
2022-12-01 00:00:00+00:00,1802.57,0.943880021572113,0.9592000246047974,0.8279860019683838,137.35899353027344,7.076200008392334,0.943880021572113,1.3593000173568726
2022-11-30 00:00:00+00:00,1768.68,0.9543099999427797,0.9685699939727784,0.8370400071144104,138.7449951171875,7.15939998626709,0.9543099999427797,1.3753399848937988
2022-11-29 00:00:00+00:00,1749.34,0.9487900137901306,0.9666000008583068,0.8360999822616577,138.718994140625,7.207099914550781,0.9487900137901306,1.3790500164031982
2022-11-28 00:00:00+00:00,1741.14,0.947380006313324,0.9645500183105468,0.82955002784729,139.10000610351562,7.170499801635742,0.947380006313324,1.3787200450897217
2022-11-25 00:00:00+00:00,1754.58,0.94336998462677,0.9607899785041808,0.8255299925804138,138.60299682617188,7.150300025939941,0.94336998462677,1.3754600286483765
2022-11-24 00:00:00+00:00,1755.26,0.9406999945640564,0.9600399732589722,0.8282600045204163,139.2779998779297,7.165800094604492,0.9406999945640564,1.3763200044631958
2022-11-23 00:00:00+00:00,1749.61,0.9510899782180786,0.9698299765586852,0.840719997882843,141.15499877929688,7.1392998695373535,0.9510899782180786,1.377940058708191
2022-11-22 00:00:00+00:00,1740.06,0.958429992198944,0.9760199785232544,0.8454800248146057,142.09800720214844,7.1641998291015625,0.958429992198944,1.3812999725341797
2022-11-21 00:00:00+00:00,1739.34,0.9533299803733826,0.9679700136184692,0.8413000106811523,140.2530059814453,7.118899822235107,0.9533299803733826,1.3750100135803225
2022-11-18 00:00:00+00:00,1748.81,0.9526799917221068,0.9650899767875672,0.8431599736213684,140.41200256347656,7.156199932098389,0.9526799917221068,1.3750699758529663
2022-11-17 00:00:00+00:00,1760.84,0.944379985332489,0.962000012397766,0.8392599821090698,139.32200622558594,7.087200164794922,0.944379985332489,1.3699699640274048
2022-11-16 00:00:00+00:00,1773.42,0.9429100155830384,0.9654499888420104,0.8417199850082397,138.96499633789062,7.043000221252441,0.9429100155830384,1.3702000379562378
2022-11-15 00:00:00+00:00,1778.43,0.9431999921798706,0.9690600037574768,0.8508830070495605,140.11500549316406,7.07289981842041,0.9431999921798706,1.372849941253662
2022-11-14 00:00:00+00:00,1771.68,0.9440500140190125,0.9681900143623352,0.8475199937820435,139.55299377441406,7.107100009918213,0.9440500140190125,1.3744499683380127
2022-11-11 00:00:00+00:00,1767.14,0.9649099707603456,0.9811400175094604,0.8550199866294861,141.73399353027344,7.1859002113342285,0.9649099707603456,1.3834600448608398
2022-11-10 00:00:00+00:00,1755.54,0.9835000038146972,0.9980499744415284,0.8796499967575073,146.20899963378906,7.240799903869629,0.9835000038146972,1.4013999700546265
2022-11-09 00:00:00+00:00,1705.62,0.9844499826431274,0.9919800162315368,0.8655999898910522,145.2949981689453,7.248199939727783,0.9844499826431274,1.3979500532150269
2022-11-08 00:00:00+00:00,1712.61,0.9888799786567688,0.9981399774551392,0.8682100176811218,146.62399291992188,7.228799819946289,0.9888799786567688,1.401360034942627
2022-11-07 00:00:00+00:00,1674.59,0.9967399835586548,1.0071699619293213,0.8824899792671204,146.84100341796875,7.175099849700928,0.9967399835586548,1.4082200527191162
2022-11-04 00:00:00+00:00,1681.27,1.0134199857711792,1.0256799459457395,0.8951600193977356,148.39300537109375,7.30079984664917,1.0134199857711792,1.421820044517517
2022-11-03 00:00:00+00:00,1628.9,1.0032800436019895,1.0189100503921509,0.8784000277519226,147.89199829101562,7.288700103759766,1.0032800436019895,1.4178999662399292
2022-11-02 00:00:00+00:00,1635.72,0.9997000098228456,1.0123599767684937,0.8703600168228149,147.9149932861328,7.276599884033203,0.9997000098228456,1.4146000146865845
2022-11-01 00:00:00+00:00,1647.68,1.0014100074768066,1.0115000009536743,0.8719800114631653,148.73699951171875,7.301799774169922,1.0014100074768066,1.415079951286316
2022-10-31 00:00:00+00:00,1633.44,0.9964100122451782,1.004520058631897,0.8623700141906738,147.81199645996094,7.251399993896484,0.9964100122451782,1.411829948425293
2022-03-25 00:00:00+00:00,1958.205,0.9294899702072144,0.90829998254776,0.7578200101852417,122.34600067138672,6.366300106048584,0.9294899702072144,1.3573800325393677
2022-03-24 00:00:00+00:00,1957.49,0.9307199716567992,0.9085699915885924,0.7572299838066101,121.1269989013672,6.371300220489502,0.9307199716567992,1.3576899766921997
2022-03-23 00:00:00+00:00,1943.66,0.9334099888801576,0.9066399931907654,0.7537800073623657,121.33999633789062,6.365300178527832,0.9334099888801576,1.356879949569702
2022-03-22 00:00:00+00:00,1921.73,0.9338799715042114,0.9076700210571288,0.7594000101089478,119.59400177001952,6.354499816894531,0.9338799715042114,1.3580000400543213
2022-03-21 00:00:00+00:00,1935.87,0.9329299926757812,0.9055399894714355,0.7598299980163574,119.26300048828124,6.360199928283691,0.9329299926757812,1.3561700582504272
2022-03-18 00:00:00+00:00,1921.9,0.936020016670227,0.9009400010108948,0.7598549723625183,118.48600006103516,6.3454999923706055,0.936020016670227,1.3532700538635254
2022-03-17 00:00:00+00:00,1942.9,0.9415599703788756,0.9072800278663636,0.7609699964523315,118.87000274658205,6.351200103759766,0.9415599703788756,1.3582600355148315
2022-03-16 00:00:00+00:00,1927.76,0.940779983997345,0.9116299748420716,0.7664899826049805,118.29199981689452,6.369100093841553,0.940779983997345,1.3652299642562866
2022-03-15 00:00:00+00:00,1918.42,0.9383000135421752,0.9138100147247314,0.768530011177063,118.21800231933594,6.364500045776367,0.9383000135421752,1.3661500215530396
2022-03-14 00:00:00+00:00,1951.02,0.9347699880599976,0.914740025997162,0.7662659883499146,117.52899932861328,6.338699817657471,0.9347699880599976,1.3626999855041504
2022-03-11 00:00:00+00:00,1987.45,0.9293799996376038,0.9079399704933168,0.7631700038909912,116.1790008544922,6.320799827575684,0.9293799996376038,1.358049988746643
2022-03-10 00:00:00+00:00,1996.12,0.9264900088310242,0.9030299782752992,0.758400022983551,115.90899658203124,6.316599845886231,0.9264900088310242,1.357100009918213
2022-03-09 00:00:00+00:00,1995.905,0.9295600056648254,0.9175800085067748,0.7634000182151794,115.72200012207033,6.317599773406982,0.9295600056648254,1.3651700019836426
2022-03-08 00:00:00+00:00,2051.807,0.9254500269889832,0.920360028743744,0.7626429796218872,115.3730010986328,6.319300174713135,0.9254500269889832,1.3618299961090088
2022-03-07 00:00:00+00:00,1997.955,0.9201599955558776,0.9195799827575684,0.7568600177764893,114.9499969482422,6.316699981689453,0.9201599955558776,1.3619400262832642
2022-03-04 00:00:00+00:00,1969.245,0.917900025844574,0.903599977493286,0.7490100264549255,115.4739990234375,6.319200038909912,0.917900025844574,1.3562999963760376
2022-03-03 00:00:00+00:00,1937.46,0.920520007610321,0.8999000191688538,0.7464399933815002,115.5189971923828,6.3196001052856445,0.920520007610321,1.3549799919128418
2022-03-02 00:00:00+00:00,1927.85,0.918560028076172,0.8982499837875366,0.7498999834060669,114.83300018310548,6.311500072479248,0.918560028076172,1.3573299646377563
2022-03-01 00:00:00+00:00,1941.275,0.9175000190734864,0.8915899991989136,0.7450000047683716,115.0780029296875,6.3084001541137695,0.9175000190734864,1.355299949645996
2022-02-28 00:00:00+00:00,1907.205,0.926596999168396,0.8943700194358826,0.747759997844696,115.58499908447266,6.315999984741211,0.926596999168396,1.3590400218963623
2022-02-25 00:00:00+00:00,1887.63,0.9258400201797484,0.8935999870300293,0.747759997844696,115.5709991455078,6.3267998695373535,0.9258400201797484,1.3550100326538086
2022-02-24 00:00:00+00:00,1902.413,0.9174200296401978,0.8845099806785583,0.7382400035858154,114.89800262451172,6.312300205230713,0.9174200296401978,1.3461899757385254
2022-02-23 00:00:00+00:00,1908.228,0.921559989452362,0.8826799988746643,0.7358700037002563,115.09600067138672,6.325300216674805,0.921559989452362,1.345460057258606
2022-02-22 00:00:00+00:00,1899.26,0.9157099723815918,0.8841999769210815,0.735509991645813,114.60900115966795,6.334199905395508,0.9157099723815918,1.34660005569458
2022-02-21 00:00:00+00:00,1905.67,0.9208999872207642,0.8836100101470947,0.7356500029563904,114.96099853515624,6.32420015335083,0.9208999872207642,1.346160054206848
2022-02-18 00:00:00+00:00,1898.615,0.9196000099182128,0.8797799944877625,0.734279990196228,114.86599731445312,6.3358001708984375,0.9196000099182128,1.3428000211715698
2022-02-17 00:00:00+00:00,1897.99,0.9215999841690063,0.8791000247001648,0.7361099720001221,115.38700103759766,6.335599899291992,0.9215999841690063,1.3430099487304688
2022-02-16 00:00:00+00:00,1868.055,0.9254400134086608,0.8805299997329712,0.7384899854660034,115.63500213623048,6.3379998207092285,0.9254400134086608,1.3447200059890747
2022-02-15 00:00:00+00:00,1853.55,0.9245100021362304,0.8844599723815918,0.7389400005340576,115.53600311279295,6.355899810791016,0.9245100021362304,1.346500039100647
2022-02-14 00:00:00+00:00,1870.855,0.9247199892997742,0.8798900246620178,0.7369400262832642,115.58399963378906,6.353099822998047,0.9247199892997742,1.3469799757003784
2022-02-11 00:00:00+00:00,1862.565,0.9256500005722046,0.8759999871253967,0.7379099726676941,116.0469970703125,6.35260009765625,0.9256500005722046,1.345460057258606
2022-02-10 00:00:00+00:00,1826.25,0.9242200255393982,0.875540018081665,0.7389199733734131,115.60199737548828,6.361400127410889,0.9242200255393982,1.341599941253662
2022-02-09 00:00:00+00:00,1832.875,0.925000011920929,0.8755599856376648,0.7381399869918823,115.53099822998048,6.365699768066406,0.925000011920929,1.344599962234497
2022-02-08 00:00:00+00:00,1825.935,0.9230499863624572,0.8738999962806702,0.7386720180511475,115.06300354003906,6.35230016708374,0.9230499863624572,1.3435800075531006
2022-02-07 00:00:00+00:00,1821.235,0.9251199960708618,0.8729699850082397,0.7389100193977356,115.2239990234375,6.359499931335449,0.9251199960708618,1.3451600074768066
2022-02-04 00:00:00+00:00,1808.03,0.9203699827194214,0.8744500279426575,0.7353799939155579,114.95700073242188,6.359499931335449,0.9203699827194214,1.3440300226211548
2022-02-03 00:00:00+00:00,1804.775,0.9189599752426147,0.8849599957466125,0.7371900081634521,114.38200378417967,6.359499931335449,0.9189599752426147,1.347499966621399
2022-02-02 00:00:00+00:00,1807.005,0.9209399819374084,0.8870000243186951,0.7393500208854675,114.73600006103516,6.359499931335449,0.9209399819374084,1.3485599756240845
2022-02-01 00:00:00+00:00,1801.475,0.927079975605011,0.890500009059906,0.7437499761581421,115.12100219726562,6.359499931335449,0.927079975605011,1.3515599966049194
2022-01-31 00:00:00+00:00,1798.855,0.9311299920082092,0.8966699838638306,0.7460799813270569,115.26200103759766,6.35099983215332,0.9311299920082092,1.3558900356292725
2022-01-28 00:00:00+00:00,1790.84,0.930869996547699,0.8970999717712402,0.7469199895858765,115.35199737548828,6.366899967193604,0.930869996547699,1.3526400327682495
2022-01-27 00:00:00+00:00,1796.22,0.9239490032196044,0.8894000053405762,0.7425000071525574,114.72100067138672,6.3196001052856445,0.9239490032196044,1.3481999635696411
2022-01-26 00:00:00+00:00,1816.822,0.9177460074424744,0.8845999836921692,0.740149974822998,113.875,6.326499938964844,0.9177460074424744,1.3437999486923218
2022-01-25 00:00:00+00:00,1847.81,0.9140899777412416,0.8830699920654297,0.7413300275802612,114.01100158691406,6.329800128936768,0.9140899777412416,1.3453400135040283
2022-01-24 00:00:00+00:00,1843.255,0.9126399755477904,0.8817200064659119,0.7376899719238281,113.78500366210938,6.337699890136719,0.9126399755477904,1.344499945640564
2022-01-21 00:00:00+00:00,1833.525,0.9168400168418884,0.8838800191879272,0.7354199886322021,113.99299621582033,6.339499950408936,0.9168400168418884,1.3468899726867676
2022-01-20 00:00:00+00:00,1838.34,0.9156000018119812,0.8815699815750122,0.7348300218582153,114.34700012207033,6.343500137329102,0.9156000018119812,1.3473999500274658
2022-01-19 00:00:00+00:00,1840.34,0.917069971561432,0.88264000415802,0.7352799773216248,114.5540008544922,6.352200031280518,0.917069971561432,1.3505200147628784
2022-01-18 00:00:00+00:00,1813.34,0.9139099717140198,0.8763800263404846,0.7327079772949219,114.5709991455078,6.346700191497803,0.9139099717140198,1.348420023918152
2022-01-17 00:00:00+00:00,1819.55,0.9144920110702516,0.8763700127601624,0.7313399910926819,114.30599975585938,6.351500034332275,0.9144920110702516,1.3485599756240845
2022-01-14 00:00:00+00:00,1817.095,0.9110400080680848,0.8728200197219849,0.729200005531311,114.11799621582033,6.358099937438965,0.9110400080680848,1.3460500240325928
2022-01-13 00:00:00+00:00,1822.51,0.914139986038208,0.8740000128746033,0.7293949723243713,114.6750030517578,6.357600212097168,0.914139986038208,1.345900058746338
2022-01-12 00:00:00+00:00,1826.835,0.9235000014305116,0.8797799944877625,0.7335000038146973,115.33100128173828,6.372900009155273,0.9235000014305116,1.350640058517456
2022-01-11 00:00:00+00:00,1822.76,0.9272000193595886,0.8825799822807312,0.7363600134849548,115.27799987792967,6.373899936676025,0.9272000193595886,1.3557900190353394
2022-01-10 00:00:00+00:00,1801.475,0.918839991092682,0.8807500004768372,0.7357100248336792,115.61799621582033,6.376200199127197,0.918839991092682,1.3562500476837158
2022-01-07 00:00:00+00:00,1795.53,0.9214000105857848,0.885200023651123,0.7389000058174133,115.86499786376952,6.381899833679199,0.9214000105857848,1.3609399795532229
2022-01-06 00:00:00+00:00,1788.975,0.917389988899231,0.883899986743927,0.7376999855041504,116.12799835205078,6.354000091552734,0.917389988899231,1.3577100038528442
2022-01-05 00:00:00+00:00,1809.235,0.9162099957466124,0.8862400054931641,0.7390199899673462,116.17400360107422,6.354300022125244,0.9162099957466124,1.3557100296020508
2022-01-04 00:00:00+00:00,1814.32,0.9183300137519836,0.8847799897193909,0.7416599988937378,115.3280029296875,6.355100154876709,0.9183300137519836,1.353119969367981
2022-01-03 00:00:00+00:00,1801.835,0.9119750261306764,0.8792399764060974,0.7395200133323669,115.14199829101562,6.354899883270264,0.9119750261306764,1.3481999635696411
2021-12-31 00:00:00+00:00,1821.9,0.913699984550476,0.8830000162124634,0.7408300042152405,115.06300354003906,6.372099876403809,0.913699984550476,1.3519099950790403
2021-12-30 00:00:00+00:00,1802.27,0.9136000275611876,0.8802700042724609,0.7408069968223572,114.947998046875,6.367300033569336,0.9136000275611876,1.3508000373840332
2021-12-29 00:00:00+00:00,1804.44,0.9168999791145324,0.8838000297546387,0.7444199919700623,114.77300262451172,6.367199897766113,0.9168999791145324,1.3540699481964111
2021-12-28 00:00:00+00:00,1805.38,0.9171599745750428,0.882610023021698,0.7439000010490417,114.79199981689452,6.369800090789795,0.9171599745750428,1.356060028076172
2021-12-27 00:00:00+00:00,1811.7,0.9187809824943542,0.8830599784851074,0.7460290193557739,114.33300018310548,6.366600036621094,0.9187809824943542,1.3576799631118774
2021-12-23 00:00:00+00:00,1808.45,0.919439971446991,0.8827000260353088,0.7489500045776367,114.12100219726562,6.369100093841553,0.919439971446991,1.3620500564575195
2021-12-22 00:00:00+00:00,1803.82,0.9230200052261353,0.8859300017356873,0.753600001335144,113.99400329589844,6.37060022354126,0.9230200052261353,1.363960027694702
2021-12-21 00:00:00+00:00,1788.755,0.921720027923584,0.8867200016975403,0.7570019960403442,113.66200256347656,6.374599933624268,0.921720027923584,1.3671400547027588
2021-12-20 00:00:00+00:00,1790.0,0.9232900142669678,0.8894000053405762,0.7558900117874146,113.51799774169922,6.374000072479248,0.9232900142669678,1.366809964179993
2021-12-17 00:00:00+00:00,1798.335,0.918839991092682,0.8822900056838989,0.750540018081665,113.66300201416016,6.367199897766113,0.918839991092682,1.3632400035858154
2021-12-16 00:00:00+00:00,1798.685,0.9244400262832642,0.8856800198554993,0.7539700269699097,114.13600158691406,6.366499900817871,0.9244400262832642,1.365779995918274
2021-12-15 00:00:00+00:00,1777.1,0.9240000247955322,0.8880000114440918,0.7558289766311646,113.74299621582033,6.366499900817871,0.9240000247955322,1.3700100183486938
2021-12-14 00:00:00+00:00,1771.0,0.9223799705505372,0.8860999941825867,0.7567999958992004,113.5770034790039,6.365499973297119,0.9223799705505372,1.3680399656295776
2021-12-13 00:00:00+00:00,1786.602,0.9210699796676636,0.8840299844741821,0.7543100118637085,113.5009994506836,6.360000133514404,0.9210699796676636,1.364050030708313
2021-12-10 00:00:00+00:00,1782.5,0.9237899780273438,0.8854799866676331,0.7562000155448914,113.447998046875,6.376500129699707,0.9237899780273438,1.364799976348877
2021-12-09 00:00:00+00:00,1775.33,0.9200000166893004,0.8813999891281128,0.7570000290870667,113.68399810791016,6.343699932098389,0.9200000166893004,1.3615299463272097
2021-12-08 00:00:00+00:00,1782.93,0.9243999719619752,0.8867999911308289,0.7549399733543396,113.5250015258789,6.366300106048584,0.9243999719619752,1.3651100397109983
2021-12-07 00:00:00+00:00,1784.55,0.9254999756813048,0.8859999775886536,0.7538999915122986,113.45800018310548,6.374800205230713,0.9254999756813048,1.3689700365066528
2021-12-06 00:00:00+00:00,1778.465,0.9184899926185608,0.8845800161361694,0.7554399967193604,113.04199981689452,6.37529993057251,0.9184899926185608,1.3709299564361572
2021-12-03 00:00:00+00:00,1784.08,0.9197999835014344,0.8844699859619141,0.7518799901008606,113.02200317382812,6.37559986114502,0.9197999835014344,1.3692699670791626
2021-12-02 00:00:00+00:00,1768.775,0.9205999970436096,0.883430004119873,0.7530120015144348,112.88200378417967,6.367300033569336,0.9205999970436096,1.3651299476623535
2021-12-01 00:00:00+00:00,1782.47,0.9194999933242798,0.8825899958610535,0.7521100044250488,113.29900360107422,6.3632001876831055,0.9194999933242798,1.3654500246047974
2021-11-30 00:00:00+00:00,1772.38,0.9228699803352356,0.8854699730873108,0.7510300278663635,113.8040008544922,6.38700008392334,0.9228699803352356,1.3683600425720217
2021-11-29 00:00:00+00:00,1784.635,0.9243199825286864,0.8854900002479553,0.7495700120925903,113.71900177001952,6.392000198364258,0.9243199825286864,1.369989991188049
2021-11-26 00:00:00+00:00,1792.28,0.9352800250053406,0.8920900225639343,0.7510799765586853,115.06900024414062,6.386000156402588,0.9352800250053406,1.368530035018921
2021-11-25 00:00:00+00:00,1788.69,0.9337999820709229,0.8926200270652771,0.7501500248908997,115.40799713134766,6.3917999267578125,0.9337999820709229,1.367900013923645
2021-11-24 00:00:00+00:00,1789.475,0.9333900213241576,0.8892899751663208,0.7476099729537964,115.14099884033205,6.3907999992370605,0.9333900213241576,1.3657499551773071
2021-11-23 00:00:00+00:00,1790.945,0.9322999715805054,0.8895099759101868,0.746399998664856,114.79000091552734,6.384300231933594,0.9322999715805054,1.364300012588501
2021-11-22 00:00:00+00:00,1805.42,0.9293000102043152,0.8868600130081177,0.744350016117096,114.13800048828124,6.386199951171875,0.9293000102043152,1.362190008163452
2021-11-19 00:00:00+00:00,1846.9,0.925599992275238,0.8796300292015076,0.7407600283622742,114.28199768066406,6.385000228881836,0.925599992275238,1.356469988822937
2021-11-18 00:00:00+00:00,1859.455,0.928529977798462,0.8833000063896179,0.7411999702453613,114.19000244140624,6.37690019607544,0.928529977798462,1.355530023574829
2021-11-17 00:00:00+00:00,1866.99,0.9303100109100342,0.8833000063896179,0.7448999881744385,114.90399932861328,6.39109992980957,0.9303100109100342,1.3563899993896484
2021-11-16 00:00:00+00:00,1849.92,0.92535001039505,0.8797799944877625,0.7458000183105469,114.13200378417967,6.3821001052856445,0.92535001039505,1.3538899421691897
2021-11-15 00:00:00+00:00,1863.125,0.9211000204086304,0.8740000128746033,0.7453200221061707,113.9810028076172,6.378600120544434,0.9211000204086304,1.352020025253296
2021-11-12 00:00:00+00:00,1864.268,0.921209990978241,0.8733000159263611,0.7481399774551392,114.04299926757812,6.389500141143799,0.921209990978241,1.3542100191116333
2021-11-11 00:00:00+00:00,1862.08,0.9178199768066406,0.8706300258636475,0.7455599904060364,113.90499877929688,6.3881001472473145,0.9178199768066406,1.3525400161743164
2021-11-10 00:00:00+00:00,1851.705,0.910700023174286,0.8623999953269958,0.7374629974365234,112.91200256347656,6.39169979095459,0.910700023174286,1.3473600149154663
2021-11-09 00:00:00+00:00,1831.673,0.9132800102233888,0.8626999855041504,0.7372180223464966,113.25399780273438,6.391600131988525,0.9132800102233888,1.3468999862670898
2021-11-08 00:00:00+00:00,1824.65,0.9119700193405152,0.8643900156021118,0.7412199974060059,113.4749984741211,6.397900104522705,0.9119700193405152,1.3497999906539917
2021-11-05 00:00:00+00:00,1817.7,0.9126799702644348,0.8654000163078308,0.7402690052986145,113.83699798583984,6.396399974822998,0.9126799702644348,1.3497999906539917
2021-11-04 00:00:00+00:00,1791.98,0.9113100171089172,0.8608999848365784,0.7301999926567078,114.06999969482422,6.406199932098389,0.9113100171089172,1.3466999530792236
2021-11-03 00:00:00+00:00,1769.79,0.9146000146865844,0.8636000156402588,0.7343549728393555,113.96199798583984,6.398900032043457,0.9146000146865844,1.3486700057983398
2021-11-02 00:00:00+00:00,1787.69,0.9093400239944458,0.8621000051498413,0.7323099970817566,114.09400177001952,6.396200180053711,0.9093400239944458,1.348230004310608
2021-11-01 00:00:00+00:00,1793.3,0.9161400198936462,0.8652999997138977,0.7308200001716614,114.23600006103516,6.404699802398682,0.9161400198936462,1.349410057067871
2021-03-26 00:00:00+00:00,1732.695,0.9395099878311156,0.8491399884223938,0.7273200154304504,109.1790008544922,6.5447998046875,0.9395099878311156,1.347480058670044
2021-03-25 00:00:00+00:00,1727.4,0.9359899759292604,0.8465200066566467,0.7305200099945068,108.79000091552734,6.514599800109863,0.9359899759292604,1.3462899923324585
2021-03-24 00:00:00+00:00,1734.965,0.9345200061798096,0.8445799946784973,0.7283099889755249,108.5199966430664,6.514900207519531,0.9345200061798096,1.3463499546051023
2021-03-23 00:00:00+00:00,1728.0,0.9232000112533568,0.8380100131034851,0.7213699817657471,108.7760009765625,6.50629997253418,0.9232000112533568,1.3400800228118896
2021-03-22 00:00:00+00:00,1738.8,0.9300400018692015,0.8415300250053406,0.7229300141334534,108.87100219726562,6.499000072479248,0.9300400018692015,1.3443299531936646
2021-03-19 00:00:00+00:00,1743.95,0.9273200035095216,0.8390499949455261,0.7181299924850464,108.93099975585938,6.504799842834473,0.9273200035095216,1.3437999486923218
2021-03-18 00:00:00+00:00,1734.2,0.9222400188446044,0.8345299959182739,0.7155200242996216,108.89099884033205,6.502600193023682,0.9222400188446044,1.3396300077438354
2021-03-17 00:00:00+00:00,1745.1,0.9247999787330629,0.8402199745178223,0.7193099856376648,109.02899932861328,6.505000114440918,0.9247999787330629,1.3450000286102295
2021-03-16 00:00:00+00:00,1730.6,0.9276000261306764,0.8385199904441833,0.7194700241088867,109.13400268554688,6.498899936676025,0.9276000261306764,1.3446999788284302
2021-03-15 00:00:00+00:00,1731.6,0.929265022277832,0.8368200063705444,0.7178999781608582,109.11699676513672,6.498499870300293,0.929265022277832,1.3441400527954102
2021-03-12 00:00:00+00:00,1724.772,0.92466002702713,0.8342999815940857,0.7148000001907349,108.55500030517578,6.493000030517578,0.92466002702713,1.3394700288772583
2021-03-11 00:00:00+00:00,1723.478,0.9297000169754028,0.8385000228881836,0.7178000211715698,108.43199920654295,6.504899978637695,0.9297000169754028,1.343790054321289
2021-03-10 00:00:00+00:00,1725.325,0.9281399846076964,0.8404840230941772,0.7199199795722961,108.5770034790039,6.5055999755859375,0.9281399846076964,1.3434699773788452
2021-03-09 00:00:00+00:00,1717.105,0.9358000159263612,0.8437600135803223,0.7233999967575073,108.93900299072266,6.524600028991699,0.9358000159263612,1.3503700494766235
2021-03-08 00:00:00+00:00,1681.3,0.9301999807357788,0.8385300040245056,0.7218300104141235,108.41899871826172,6.495699882507324,0.9301999807357788,1.3407299518585205
2021-03-05 00:00:00+00:00,1701.2,0.9292799830436708,0.8355799913406372,0.719730019569397,107.95500183105467,6.468999862670898,0.9292799830436708,1.3375799655914309
2021-03-04 00:00:00+00:00,1699.59,0.919700026512146,0.8298299908638,0.7180299758911133,107.05799865722656,6.466800212860107,0.919700026512146,1.3330999612808228
2021-03-03 00:00:00+00:00,1714.2,0.915000021457672,0.8274400234222412,0.7165899872779846,106.75800323486328,6.4695000648498535,0.915000021457672,1.3288999795913696
2021-03-02 00:00:00+00:00,1735.85,0.914900004863739,0.829800009727478,0.7178999781608582,106.85099792480467,6.463200092315674,0.914900004863739,1.327280044555664
2021-03-01 00:00:00+00:00,1725.7,0.9074000120162964,0.8271600008010864,0.715690016746521,106.50299835205078,6.47790002822876,0.9074000120162964,1.3291200399398804
2021-02-26 00:00:00+00:00,1732.9,0.9055699706077576,0.8223400115966797,0.7138699889183044,106.37899780273438,6.453800201416016,0.9055699706077576,1.3281199932098389
2021-02-25 00:00:00+00:00,1773.3,0.9065999984741212,0.8216000199317932,0.7067999839782715,105.94400024414062,6.455999851226807,0.9065999984741212,1.3186700344085691
2021-02-24 00:00:00+00:00,1803.625,0.9050999879837036,0.8228999972343445,0.7081999778747559,105.28299713134766,6.4629998207092285,0.9050999879837036,1.3195500373840332
2021-02-23 00:00:00+00:00,1804.825,0.8956900238990784,0.8219090104103088,0.710669994354248,104.98400115966795,6.463099956512451,0.8956900238990784,1.3207999467849731
2021-02-22 00:00:00+00:00,1807.95,0.8966900110244751,0.82464998960495,0.7127000093460083,105.51399993896484,6.485799789428711,0.8966900110244751,1.3233599662780762
2021-02-19 00:00:00+00:00,1782.575,0.8958100080490112,0.8270000219345093,0.7159500122070312,105.6520004272461,6.487199783325195,0.8958100080490112,1.3266700506210327
2021-02-18 00:00:00+00:00,1776.25,0.8984299898147583,0.8300129771232605,0.7211700081825256,105.86100006103516,6.457600116729736,0.8984299898147583,1.327399969100952
2021-02-17 00:00:00+00:00,1775.725,0.8932179808616638,0.826960027217865,0.7200400233268738,106.10299682617188,6.457099914550781,0.8932179808616638,1.3287700414657593
2021-02-16 00:00:00+00:00,1794.45,0.8898339867591858,0.8242530226707458,0.7186599969863892,105.38700103759766,6.457200050354004,0.8898339867591858,1.3219000101089478
2021-02-15 00:00:00+00:00,1818.85,0.8917589783668518,0.824940025806427,0.7208999991416931,105.05899810791016,6.457200050354004,0.8917589783668518,1.3250199556350708
2021-02-12 00:00:00+00:00,1822.45,0.8901200294494629,0.8242999911308289,0.7240999937057495,104.74099731445312,6.456900119781494,0.8901200294494629,1.3242000341415403
2021-02-11 00:00:00+00:00,1826.575,0.8902459740638733,0.824999988079071,0.7229300141334534,104.61499786376952,6.457200050354004,0.8902459740638733,1.3264800310134888
2021-02-10 00:00:00+00:00,1842.225,0.8924000263214111,0.8250830173492432,0.7236940264701843,104.5749969482422,6.434199810028076,0.8924000263214111,1.325659990310669
2021-02-09 00:00:00+00:00,1836.5,0.8985990285873413,0.8296279907226562,0.7275000214576721,105.20999908447266,6.447999954223633,0.8985990285873413,1.3325999975204468
2021-02-08 00:00:00+00:00,1832.9,0.8989800214767456,0.8299599885940552,0.727869987487793,105.4000015258789,6.465700149536133,0.8989800214767456,1.333490014076233
2021-02-05 00:00:00+00:00,1812.1,0.9040300250053406,0.8356500267982483,0.7311999797821045,105.5719985961914,6.470699787139893,0.9040300250053406,1.336400032043457
2021-02-04 00:00:00+00:00,1791.3,0.8983399868011475,0.8303999900817871,0.7326499819755554,104.99500274658205,6.459199905395508,0.8983399868011475,1.3320000171661377
2021-02-03 00:00:00+00:00,1833.9,0.8974999785423279,0.8306300044059753,0.7321000099182129,105.02799987792967,6.456399917602539,0.8974999785423279,1.3315000534057615
2021-02-02 00:00:00+00:00,1833.1,0.8964800238609314,0.8285899758338928,0.7310600280761719,104.88099670410156,6.46750020980835,0.8964800238609314,1.33201003074646
2021-02-01 00:00:00+00:00,1861.8,0.8913599848747253,0.8248199820518494,0.7300500273704529,104.68599700927734,6.426799774169922,0.8913599848747253,1.3299299478530884
2021-01-29 00:00:00+00:00,1848.7,0.888608992099762,0.8250799775123596,0.7285969853401184,104.29100036621094,6.448400020599365,0.888608992099762,1.32860004901886
2021-01-28 00:00:00+00:00,1839.6,0.8888999819755554,0.8260999917984009,0.7315599918365479,104.14299774169922,6.482100009918213,0.8888999819755554,1.3301500082015991
2021-01-27 00:00:00+00:00,1846.6,0.8866999745368958,0.8221660256385803,0.7277200222015381,103.60299682617188,6.463699817657471,0.8866999745368958,1.3248399496078491
2021-01-26 00:00:00+00:00,1852.2,0.8880199790000916,0.8233000040054321,0.7310479879379272,103.76000213623048,6.478700160980225,0.8880199790000916,1.3274500370025637
2021-01-25 00:00:00+00:00,1856.3,0.8853229880332947,0.8217300176620483,0.7305560111999512,103.7770004272461,6.480800151824951,0.8853229880332947,1.328160047531128
2021-01-22 00:00:00+00:00,1856.6,0.8853600025177002,0.8219429850578308,0.7283599972724915,103.50599670410156,6.461400032043457,0.8853600025177002,1.322710037231445
2021-01-21 00:00:00+00:00,1866.3,0.8892800211906433,0.8253800272941589,0.7316100001335144,103.55500030517578,6.465400218963623,0.8892800211906433,1.3247599601745603
2021-01-20 00:00:00+00:00,1866.6,0.8880000114440918,0.8238000273704529,0.7329099774360657,103.89700317382812,6.47790002822876,0.8880000114440918,1.3279099464416504
2021-01-19 00:00:00+00:00,1841.0,0.8909000158309937,0.828000009059906,0.7363100051879883,103.7030029296875,6.491399765014648,0.8909000158309937,1.330590009689331
2021-01-18 00:00:00+00:00,1830.1,0.8921800255775452,0.8286299705505371,0.7366300225257874,103.90799713134766,6.479700088500977,0.8921800255775452,1.331380009651184
2021-01-15 00:00:00+00:00,1830.1,0.8882499933242798,0.8229600191116333,0.7307999730110168,103.8280029296875,6.473100185394287,0.8882499933242798,1.324180006980896
2021-01-14 00:00:00+00:00,1853.0,0.886900007724762,0.8222000002861023,0.7326400279998779,103.83699798583984,6.4670000076293945,0.886900007724762,1.3251999616622925
2021-01-13 00:00:00+00:00,1855.5,0.8859000205993652,0.8190749883651733,0.7315000295639038,103.7519989013672,6.462900161743164,0.8859000205993652,1.3230199813842771
2021-01-12 00:00:00+00:00,1844.3,0.8896200060844421,0.8223209977149963,0.7394199967384338,104.12799835205078,6.479700088500977,0.8896200060844421,1.33024001121521
2021-01-11 00:00:00+00:00,1851.0,0.8876399993896484,0.8205999732017517,0.7398499846458435,104.09100341796876,6.474299907684326,0.8876399993896484,1.3286199569702148
2021-01-08 00:00:00+00:00,1835.7,0.8851500153541565,0.8148999810218811,0.7369400262832642,103.79000091552734,6.477200031280518,0.8851500153541565,1.3242199420928955
2021-01-07 00:00:00+00:00,1913.1,0.8780699968338013,0.8102999925613403,0.7339299917221069,103.02400207519533,6.460700035095215,0.8780699968338013,1.3174500465393066
2021-01-06 00:00:00+00:00,1907.4,0.8781800270080566,0.8129900097846985,0.7336999773979187,102.6780014038086,6.4552001953125,0.8781800270080566,1.3172099590301514
2021-01-05 00:00:00+00:00,1951.6,0.8812400102615356,0.8162199854850769,0.7368329763412476,103.125,6.4604997634887695,0.8812400102615356,1.320289969444275
2021-01-04 00:00:00+00:00,1942.4,0.8830999732017517,0.8162800073623657,0.7307699918746948,103.23899841308594,6.5320000648498535,0.8830999732017517,1.3206700086593628
2020-12-31 00:00:00+00:00,1891.6,0.8815799951553345,0.8130149841308594,0.7336400151252747,103.12100219726562,6.522200107574463,0.8815799951553345,1.3229399919509888
2020-12-30 00:00:00+00:00,1889.0,0.8841000199317932,0.8161299824714661,0.740746021270752,103.55899810791016,6.53000020980835,0.8841000199317932,1.3271700143814087
2020-12-29 00:00:00+00:00,1878.7,0.8883000016212463,0.8180999755859375,0.742609977722168,103.68900299072266,6.535600185394287,0.8883000016212463,1.329300045967102
2020-12-28 00:00:00+00:00,1874.0,0.8894299864768982,0.8193299770355225,0.7367900013923645,103.53299713134766,6.540800094604492,0.8894299864768982,1.3286199569702148
2020-12-24 00:00:00+00:00,1874.0,0.8878999948501587,0.8202499747276306,0.7404500246047974,103.552001953125,6.539599895477295,0.8878999948501587,1.3319100141525269
2020-12-23 00:00:00+00:00,1874.0,0.8878600001335144,0.8205699920654297,0.7462999820709229,103.53399658203124,6.542200088500977,0.8878600001335144,1.3349100351333618
2020-12-22 00:00:00+00:00,1865.9,0.8854799866676331,0.8172000050544739,0.7435200214385986,103.33999633789062,6.548200130462647,0.8854799866676331,1.3325799703598022
2020-12-21 00:00:00+00:00,1878.3,0.8854799866676331,0.818589985370636,0.7461599707603455,103.45700073242188,6.535999774932861,0.8854799866676331,1.331279993057251
2020-12-18 00:00:00+00:00,1883.7,0.8847200274467468,0.8154799938201904,0.7369099855422974,103.13099670410156,6.532100200653076,0.8847200274467468,1.3259799480438232
2020-12-17 00:00:00+00:00,1885.4,0.8853899836540222,0.8197000026702881,0.7405800223350525,103.4749984741211,6.531300067901611,0.8853899836540222,1.3285000324249268
2020-12-16 00:00:00+00:00,1855.5,0.8854399919509888,0.8227540254592896,0.7437999844551086,103.63400268554688,6.538300037384033,0.8854399919509888,1.3322999477386477
2020-12-15 00:00:00+00:00,1852.2,0.8865799903869629,0.8231199979782104,0.7501400113105774,104.01000213623048,6.549699783325195,0.8865799903869629,1.333899974822998
2020-12-14 00:00:00+00:00,1828.9,0.8885400295257568,0.8241710066795349,0.7508500218391418,103.93900299072266,6.545700073242188,0.8885400295257568,1.3347400426864624
2020-12-11 00:00:00+00:00,1839.5,0.8858579993247986,0.8234320282936096,0.7515599727630615,104.18199920654295,6.544400215148926,0.8858579993247986,1.3350000381469729
2020-12-10 00:00:00+00:00,1833.8,0.8893600106239319,0.8278999924659729,0.7481099963188171,104.27200317382812,6.542200088500977,0.8893600106239319,1.337649941444397
2020-12-09 00:00:00+00:00,1836.4,0.8885279893875122,0.8256999850273132,0.7481899857521057,104.13500213623048,6.531700134277344,0.8885279893875122,1.337630033493042
2020-12-08 00:00:00+00:00,1870.4,0.8905689716339111,0.8255500197410583,0.7486500144004822,103.9980010986328,6.52869987487793,0.8905689716339111,1.336590051651001
2020-12-07 00:00:00+00:00,1862.0,0.8917400240898132,0.8249899744987488,0.7452999949455261,104.197998046875,6.530600070953369,0.8917400240898132,1.3339200019836426
2020-12-04 00:00:00+00:00,1836.6,0.8907700181007385,0.8233399987220764,0.7432199716567993,103.822998046875,6.541399955749512,0.8907700181007385,1.3336900472640991
2020-12-03 00:00:00+00:00,1837.8,0.8946099877357483,0.8254500031471252,0.7479000091552734,104.45800018310548,6.562399864196777,0.8946099877357483,1.3375999927520752
2020-12-02 00:00:00+00:00,1826.9,0.8995100259780884,0.8281999826431274,0.7450100183486938,104.30899810791016,6.570799827575684,0.8995100259780884,1.337299942970276
2020-12-01 00:00:00+00:00,1815.2,0.908270001411438,0.8376500010490417,0.7498000264167786,104.29900360107422,6.5777997970581055,0.908270001411438,1.339669942855835
2020-11-30 00:00:00+00:00,1778.2,0.904229998588562,0.835319995880127,0.7500799894332886,104.08200073242188,6.576000213623047,0.904229998588562,1.3375300168991089
2020-11-27 00:00:00+00:00,1808.0,0.9064199924468994,0.8392080068588257,0.7488099932670593,104.24199676513672,6.57450008392334,0.9064199924468994,1.3386199474334717
2020-11-26 00:00:00+00:00,1805.7,0.9082199931144714,0.8389260172843933,0.7470800280570984,104.4000015258789,6.577499866485596,0.9082199931144714,1.3394999504089355
2020-11-25 00:00:00+00:00,1805.7,0.9107999801635742,0.8403000235557556,0.7483199834823608,104.51300048828124,6.590199947357178,0.9107999801635742,1.3413000106811523
2020-11-24 00:00:00+00:00,1806.9,0.9124400019645692,0.8443999886512756,0.7502400279045105,104.5250015258789,6.584499835968018,0.9124400019645692,1.3436199426651
2020-11-23 00:00:00+00:00,1840.1,0.9105299711227416,0.842710018157959,0.7515900135040283,103.81700134277344,6.5619001388549805,0.9105299711227416,1.3433799743652344
2020-11-20 00:00:00+00:00,1874.3,0.9109429717063904,0.842710018157959,0.7547600269317627,103.8249969482422,6.582399845123291,0.9109429717063904,1.3451000452041626
2020-11-19 00:00:00+00:00,1862.7,0.9118599891662598,0.8440499901771545,0.7543500065803528,103.8939971923828,6.559500217437744,0.9118599891662598,1.3424899578094482
2020-11-18 00:00:00+00:00,1874.7,0.9110000133514404,0.8429099917411804,0.7541999816894531,104.18099975585938,6.555099964141846,0.9110000133514404,1.3423999547958374
2020-11-17 00:00:00+00:00,1886.1,0.9123700261116028,0.843209981918335,0.756309986114502,104.54100036621094,6.583799839019775,0.9123700261116028,1.3451299667358398
2020-11-16 00:00:00+00:00,1889.2,0.9120799899101256,0.844219982624054,0.7563999891281128,104.6760025024414,6.605400085449219,0.9120799899101256,1.3466399908065796
2020-11-13 00:00:00+00:00,1887.0,0.9148200154304504,0.8472139835357666,0.7620999813079834,105.08999633789062,6.610599994659424,0.9148200154304504,1.3487000465393066
2020-11-12 00:00:00+00:00,1875.3,0.9165869951248168,0.8488749861717224,0.7561900019645691,105.41500091552734,6.630799770355225,0.9165869951248168,1.3486100435256958
2020-11-11 00:00:00+00:00,1863.4,0.9149799942970276,0.8461099863052368,0.7540599703788757,105.26000213623048,6.614799976348877,0.9149799942970276,1.3484100103378296
2020-11-10 00:00:00+00:00,1877.1,0.9126899838447572,0.8454999923706055,0.7593200206756592,105.13700103759766,6.628099918365479,0.9126899838447572,1.3468999862670898
2020-11-09 00:00:00+00:00,1853.2,0.8993200063705444,0.8408300280570984,0.7586899995803833,103.25299835205078,6.610400199890137,0.8993200063705444,1.346909999847412
2020-11-06 00:00:00+00:00,1950.3,0.9041699767112732,0.8461999893188477,0.7610700130462646,103.60299682617188,6.605199813842773,0.9041699767112732,1.3508800268173218
2020-11-05 00:00:00+00:00,1945.3,0.911400020122528,0.8523200154304504,0.7712000012397766,104.43800354003906,6.651999950408936,0.911400020122528,1.3575999736785889
2020-11-04 00:00:00+00:00,1894.6,0.9106400012969972,0.8501799702644348,0.7620999813079834,104.5459976196289,6.676599979400635,0.9106400012969972,1.3579599857330322
2020-11-03 00:00:00+00:00,1908.5,0.9187729954719543,0.8589000105857849,0.7737600207328796,104.7249984741211,6.689700126647949,0.9187729954719543,1.3645999431610107
2020-11-02 00:00:00+00:00,1890.4,0.9171599745750428,0.8589500188827515,0.7735900282859802,104.58000183105467,6.689099788665772,0.9171599745750428,1.3675700426101685
2020-10-30 00:00:00+00:00,1877.4,0.9153100252151488,0.8562600016593933,0.7732800245285034,104.5540008544922,6.714000225067139,0.9153100252151488,1.3660900592803955
2020-10-29 00:00:00+00:00,1865.6,0.9105899930000304,0.8511599898338318,0.7698299884796143,104.31500244140624,6.72790002822876,0.9105899930000304,1.3643499612808228
2020-10-28 00:00:00+00:00,1876.2,0.9088749885559082,0.8485999703407288,0.7673500180244446,104.54499816894533,6.704400062561035,0.9088749885559082,1.3616100549697876
2020-10-27 00:00:00+00:00,1908.8,0.9078999757766724,0.846780002117157,0.7682999968528748,104.83200073242188,6.711299896240234,0.9078999757766724,1.3609000444412231
2020-10-26 00:00:00+00:00,1902.7,0.9045600295066832,0.8439900279045105,0.7660099864006042,104.68299865722656,6.685699939727783,0.9045600295066832,1.3575600385665894
2020-03-27 00:00:00+00:00,1623.9,0.9616600275039672,0.905120015144348,0.8196300268173218,109.10900115966795,7.073100090026856,0.9616600275039672,1.4308500289916992
2020-03-26 00:00:00+00:00,1650.1,0.9762399792671204,0.9183099865913392,0.8438000082969666,110.8759994506836,7.113500118255615,0.9762399792671204,1.4493999481201172
2020-03-25 00:00:00+00:00,1632.3,0.9799699783325196,0.9257000088691713,0.8480299711227417,111.12000274658205,7.061999797821045,0.9799699783325196,1.4459999799728394
2020-03-24 00:00:00+00:00,1660.2,0.9817000031471252,0.9289699792861938,0.8623999953269958,110.8270034790039,7.091300010681152,0.9817000031471252,1.4563000202178955
2020-03-23 00:00:00+00:00,1567.0,0.985069990158081,0.935069978237152,0.8603600263595581,110.46199798583984,7.094799995422363,0.985069990158081,1.4551299810409546
2020-03-20 00:00:00+00:00,1484.0,0.9887199997901917,0.938319981098175,0.8699899911880493,111.29100036621094,7.107699871063232,0.9887199997901917,1.4530099630355835
2020-03-19 00:00:00+00:00,1478.6,0.9666299819946288,0.912280023097992,0.8601899743080139,108.36000061035156,7.04640007019043,0.9666299819946288,1.438920021057129
2020-03-18 00:00:00+00:00,1477.3,0.9596499800682068,0.9078099727630616,0.824970006942749,107.3769989013672,7.006199836730957,0.9596499800682068,1.429569959640503
2020-03-17 00:00:00+00:00,1524.9,0.9475299715995787,0.895799994468689,0.8152199983596802,106.1750030517578,6.992700099945068,0.9475299715995787,1.4225200414657593
2020-03-16 00:00:00+00:00,1485.9,0.9463000297546388,0.8964300155639648,0.8064600229263306,106.68800354003906,7.007199764251709,0.9463000297546388,1.4126399755477903
2020-03-13 00:00:00+00:00,1515.7,0.9446499943733216,0.8940600156784058,0.7955300211906433,104.61000061035156,7.028600215911865,0.9446499943733216,1.4100099802017212
2020-03-12 00:00:00+00:00,1589.3,0.9389500021934508,0.8879799842834473,0.7801399827003479,104.5500030517578,6.95959997177124,0.9389500021934508,1.3960700035095217
2020-03-11 00:00:00+00:00,1641.4,0.93681001663208,0.8836650252342224,0.7746099829673767,105.0260009765625,6.955599784851074,0.93681001663208,1.3918299674987793
2020-03-10 00:00:00+00:00,1659.1,0.9283599853515624,0.8773499727249146,0.7648000121116638,103.11199951171876,6.9456000328063965,0.9283599853515624,1.3858699798583984
2020-03-09 00:00:00+00:00,1674.5,0.9274500012397766,0.8782699704170227,0.7634000182151794,103.93800354003906,6.931099891662598,0.9274500012397766,1.3765699863433838
2020-03-06 00:00:00+00:00,1670.8,0.945800006389618,0.8909599781036377,0.772159993648529,106.2480010986328,6.935999870300293,0.945800006389618,1.3832000494003296
2020-03-05 00:00:00+00:00,1666.4,0.95660001039505,0.8977400064468384,0.7767000198364258,107.677001953125,6.965400218963623,0.95660001039505,1.383370041847229
2020-03-04 00:00:00+00:00,1641.1,0.9556499719619752,0.8944000005722046,0.7799800038337708,107.03700256347656,6.960999965667725,0.9556499719619752,1.3873499631881714
2020-03-03 00:00:00+00:00,1642.1,0.9581000208854676,0.8973399996757507,0.7832599878311157,108.48699951171876,6.999800205230713,0.9581000208854676,1.3887799978256226
2020-03-02 00:00:00+00:00,1592.3,0.9639800190925598,0.9048699736595154,0.7808200120925903,107.6969985961914,6.990900039672852,0.9639800190925598,1.3923399448394775
2020-02-28 00:00:00+00:00,1564.1,0.96875,0.9093199968338012,0.7758600115776062,109.66000366210938,7.003499984741211,0.96875,1.3947299718856812
2020-02-27 00:00:00+00:00,1640.0,0.97639000415802,0.918619990348816,0.7747799754142761,110.36299896240234,7.03980016708374,0.97639000415802,1.3973900079727173
2020-02-26 00:00:00+00:00,1640.0,0.9758999943733216,0.918949007987976,0.769029974937439,110.28600311279295,7.036399841308594,0.9758999943733216,1.3983800411224363
2020-02-25 00:00:00+00:00,1646.9,0.9797800183296204,0.9217270016670228,0.7735999822616577,110.85700225830078,7.02839994430542,0.9797800183296204,1.3987300395965576
2020-02-24 00:00:00+00:00,1672.4,0.9788399934768676,0.9225900173187256,0.7719799876213074,111.55699920654295,7.026199817657471,0.9788399934768676,1.4017800092697144
2020-02-21 00:00:00+00:00,1644.6,0.9837599992752076,0.9269559979438782,0.776199996471405,111.9540023803711,7.02239990234375,0.9837599992752076,1.40146005153656
2020-02-20 00:00:00+00:00,1616.6,0.9835000038146972,0.9250609874725342,0.7735000252723694,111.20999908447266,6.997200012207031,0.9835000038146972,1.394269943237305
2020-02-19 00:00:00+00:00,1607.5,0.9829000234603882,0.9263200163841248,0.76910001039505,109.91899871826172,6.996200084686279,0.9829000234603882,1.3913999795913696
2020-02-18 00:00:00+00:00,1600.0,0.980400025844574,0.9225000143051147,0.7687000036239624,109.83000183105467,6.979300022125244,0.980400025844574,1.388700008392334
2020-02-17 00:00:00+00:00,1581.4,0.981689989566803,0.9223600029945374,0.7661100029945374,109.79100036621094,6.986100196838379,0.981689989566803,1.3903299570083618
2020-02-14 00:00:00+00:00,1582.7,0.978879988193512,0.921999990940094,0.7664700150489807,109.75800323486328,6.976399898529053,0.978879988193512,1.3899999856948853
2020-02-13 00:00:00+00:00,1575.1,0.9775599837303162,0.9194599986076356,0.7717499732971191,109.84600067138672,6.9710001945495605,0.9775599837303162,1.3881100416183472
2020-02-12 00:00:00+00:00,1567.4,0.975600004196167,0.9157999753952026,0.771809995174408,109.84300231933594,6.964900016784668,0.975600004196167,1.386039972305298
2020-02-11 00:00:00+00:00,1565.6,0.9771000146865844,0.9162999987602234,0.7741000056266785,109.76599884033205,6.983500003814697,0.9771000146865844,1.3888499736785889
2020-02-10 00:00:00+00:00,1574.7,0.9766600131988524,0.9132999777793884,0.7756999731063843,109.6449966430664,7.00059986114502,0.9766600131988524,1.3912999629974363
2020-02-07 00:00:00+00:00,1568.6,0.9745000004768372,0.9104999899864196,0.7733799815177917,109.96800231933594,6.969799995422363,0.9745000004768372,1.3860900402069092
2020-02-06 00:00:00+00:00,1565.1,0.9732999801635742,0.908900022506714,0.7694000005722046,109.81400299072266,6.972799777984619,0.9732999801635742,1.3803000450134275
2020-02-05 00:00:00+00:00,1557.8,0.9692699909210204,0.9052000045776368,0.767300009727478,109.4469985961914,6.997499942779541,0.9692699909210204,1.371000051498413
2020-02-04 00:00:00+00:00,1550.4,0.9656999707221984,0.9039199948310852,0.7693799734115601,108.61199951171876,7.020599842071533,0.9656999707221984,1.3698300123214722
2020-02-03 00:00:00+00:00,1577.2,0.9633600115776062,0.9017300009727478,0.7586299777030945,108.37200164794922,6.935699939727783,0.9633600115776062,1.3641599416732788
2020-01-31 00:00:00+00:00,1582.9,0.969410002231598,0.906690001487732,0.7639999985694885,108.8769989013672,6.935699939727783,0.969410002231598,1.3623499870300293
2020-01-30 00:00:00+00:00,1583.5,0.9731799960136414,0.9077000021934508,0.7679299712181091,108.98699951171876,6.935699939727783,0.9731799960136414,1.360100030899048
2020-01-29 00:00:00+00:00,1569.8,0.97298002243042,0.907230019569397,0.7677800059318542,109.13200378417967,6.935699939727783,0.97298002243042,1.357100009918213
2020-01-28 00:00:00+00:00,1569.2,0.9698500037193298,0.9074599742889404,0.76569002866745,108.91999816894533,6.935699939727783,0.9698500037193298,1.3575299978256226
2020-01-27 00:00:00+00:00,1576.8,0.9699400067329408,0.9070000052452089,0.7655900120735168,108.802001953125,6.935699939727783,0.9699400067329408,1.3543599843978882
2020-01-24 00:00:00+00:00,1571.1,0.9695000052452089,0.9045500159263612,0.7621999979019165,109.552001953125,6.9355998039245605,0.9695000052452089,1.3508000373840332
2020-01-23 00:00:00+00:00,1564.6,0.9674000144004822,0.9011899828910828,0.7607600092887878,109.72799682617188,6.905700206756592,0.9674000144004822,1.3481999635696411
2020-01-22 00:00:00+00:00,1555.3,0.9688000082969666,0.9020699858665466,0.7663999795913696,109.90799713134766,6.904799938201904,0.9688000082969666,1.3498899936676023
2020-01-21 00:00:00+00:00,1556.4,0.9683799743652344,0.9011499881744384,0.7688999772071838,110.1729965209961,6.865799903869629,0.9683799743652344,1.3466999530792236
2020-01-20 00:00:00+00:00,1558.4,0.968209981918335,0.9013400077819824,0.7688000202178955,110.18000030517578,6.858699798583984,0.968209981918335,1.3473700284957886
2020-01-17 00:00:00+00:00,1558.8,0.9648799896240234,0.8977000117301941,0.7645999789237976,110.1750030517578,6.878099918365479,0.9648799896240234,1.34660005569458
2020-01-16 00:00:00+00:00,1549.0,0.963699996471405,0.8965389728546143,0.7667999863624573,109.88300323486328,6.889800071716309,0.963699996471405,1.3456000089645386
2020-01-15 00:00:00+00:00,1552.1,0.9670699834823608,0.8984000086784363,0.7678999900817871,109.85399627685548,6.900300025939941,0.9670699834823608,1.347830057144165
2020-01-14 00:00:00+00:00,1542.4,0.9707000255584716,0.8980100154876709,0.7699300050735474,109.99199676513672,6.8927001953125,0.9707000255584716,1.346400022506714
2020-01-13 00:00:00+00:00,1548.4,0.9731400012969972,0.8995500206947327,0.766539990901947,109.56600189208984,6.909299850463867,0.9731400012969972,1.3482999801635742
2020-01-10 00:00:00+00:00,1557.5,0.9731199741363524,0.8999999761581421,0.7651000022888184,109.50700378417967,6.951700210571289,0.9731199741363524,1.3510500192642212
2020-01-09 00:00:00+00:00,1551.7,0.973200023174286,0.8998299837112427,0.7630599737167358,109.03099822998048,6.945199966430664,0.973200023174286,1.3499000072479248
2020-01-08 00:00:00+00:00,1557.4,0.9688299894332886,0.8964800238609314,0.7625600099563599,108.01599884033205,6.944399833679199,0.9688299894332886,1.3513100147247314
2020-01-07 00:00:00+00:00,1571.8,0.968500018119812,0.8930169939994812,0.7592999935150146,108.40599822998048,6.974500179290772,0.968500018119812,1.3491699695587158
2020-01-06 00:00:00+00:00,1566.2,0.9714800119400024,0.8959000110626221,0.764519989490509,107.96399688720705,6.964499950408936,0.9714800119400024,1.3497799634933472
2020-01-03 00:00:00+00:00,1549.2,0.9711999893188475,0.8951399922370911,0.7602999806404114,108.54299926757812,6.963399887084961,0.9711999893188475,1.3468999862670898
2020-01-02 00:00:00+00:00,1524.5,0.9674999713897704,0.8912000060081482,0.7547000050544739,108.71299743652344,6.962200164794922,0.9674999713897704,1.3451900482177734
2019-12-31 00:00:00+00:00,1519.5,0.9686300158500672,0.8926740288734436,0.7626000046730042,108.8730010986328,6.985700130462647,0.9686300158500672,1.348180055618286
2019-12-30 00:00:00+00:00,1514.5,0.973710000514984,0.8942700028419495,0.7638300061225891,109.4280014038086,6.994800090789795,0.973710000514984,1.3521300554275513
2019-12-27 00:00:00+00:00,1513.8,0.981469988822937,0.9008100032806396,0.76910001039505,109.54199981689452,6.996300220489502,0.981469988822937,1.3533999919891355
2019-12-24 00:00:00+00:00,1499.1,0.981469988822937,0.9014000296592712,0.7724999785423279,109.38200378417967,7.011799812316895,0.981469988822937,1.355530023574829
2019-12-23 00:00:00+00:00,1482.5,0.9822800159454346,0.9025400280952454,0.7689099907875061,109.4990005493164,7.00570011138916,0.9822800159454346,1.3548099994659424
2019-12-20 00:00:00+00:00,1474.7,0.9782000184059144,0.8988000154495239,0.7681999802589417,109.38300323486328,7.009399890899658,0.9782000184059144,1.354300022125244
2019-12-19 00:00:00+00:00,1478.2,0.9800099730491638,0.8996099829673767,0.7641000151634216,109.5510025024414,7.004000186920166,0.9800099730491638,1.35479998588562
2019-12-18 00:00:00+00:00,1472.6,0.9797000288963318,0.8967499732971191,0.7620700001716614,109.51599884033205,6.996200084686279,0.9797000288963318,1.3552900552749634
2019-12-17 00:00:00+00:00,1474.6,0.9832000136375428,0.8979099988937378,0.7534400224685669,109.57599639892578,6.981599807739258,0.9832000136375428,1.355299949645996
2019-12-16 00:00:00+00:00,1475.0,0.983959972858429,0.8989199995994568,0.7488800287246704,109.4000015258789,6.97189998626709,0.983959972858429,1.3546299934387207
2019-12-13 00:00:00+00:00,1475.6,0.9849900007247924,0.8939700126647949,0.7421000003814697,109.41300201416016,7.019499778747559,0.9849900007247924,1.3515000343322754
2019-12-12 00:00:00+00:00,1466.7,0.9824000000953674,0.8980000019073486,0.7575700283050537,108.54900360107422,7.037799835205078,0.9824000000953674,1.356600046157837
2019-12-11 00:00:00+00:00,1469.4,0.984470009803772,0.9014899730682372,0.7615399956703186,108.76399993896484,7.033299922943115,0.984470009803772,1.358299970626831
2019-12-10 00:00:00+00:00,1462.6,0.9877600073814392,0.903751015663147,0.760699987411499,108.58200073242188,7.0381999015808105,0.9877600073814392,1.3594000339508057
2019-12-09 00:00:00+00:00,1459.3,0.9904800057411194,0.9042500257492064,0.7610599994659424,108.6269989013672,7.034299850463867,0.9904800057411194,1.3605400323867798
2019-12-06 00:00:00+00:00,1459.1,0.9869999885559082,0.9004600048065186,0.7599700093269348,108.73799896240234,7.043799877166748,0.9869999885559082,1.3605200052261353
2019-12-05 00:00:00+00:00,1476.9,0.9882500171661376,0.9022799730300904,0.7627000212669373,108.83200073242188,7.048900127410889,0.9882500171661376,1.3623000383377075
2019-12-04 00:00:00+00:00,1474.0,0.9868999719619752,0.9021000266075134,0.7693600058555603,108.65299987792967,7.060200214385986,0.9868999719619752,1.3634999990463257
2019-12-03 00:00:00+00:00,1478.2,0.9914299845695496,0.9025999903678894,0.7727599740028381,109.02200317382812,7.038300037384033,0.9914299845695496,1.3662999868392944
2019-12-02 00:00:00+00:00,1462.3,1.0001100301742554,0.9075199961662292,0.7744200229644775,109.53500366210938,7.031499862670898,1.0001100301742554,1.3673900365829468
2019-11-29 00:00:00+00:00,1465.6,0.9983599781990052,0.9081199765205384,0.7744200229644775,109.51200103759766,7.03439998626709,0.9983599781990052,1.3655600547790527
2019-11-28 00:00:00+00:00,1455.3,0.9984700083732604,0.9086899757385254,0.7734000086784363,109.36699676513672,7.027900218963623,0.9984700083732604,1.3657900094985962
2019-11-27 00:00:00+00:00,1453.4,0.9975900053977966,0.907230019569397,0.7775499820709229,109.09700012207033,7.03249979019165,0.9975900053977966,1.3645000457763672
2019-11-26 00:00:00+00:00,1459.8,0.9967399835586548,0.9078999757766724,0.7753599882125854,108.99199676513672,7.0355000495910645,0.9967399835586548,1.3648099899291992
2019-11-25 00:00:00+00:00,1456.6,0.9976000189781188,0.907230019569397,0.777999997138977,108.7300033569336,7.038300037384033,0.9976000189781188,1.3641899824142456
2019-11-22 00:00:00+00:00,1463.1,0.9926999807357788,0.9036800265312196,0.7739999890327454,108.58499908447266,7.028200149536133,0.9926999807357788,1.3624000549316406
2019-11-21 00:00:00+00:00,1463.1,0.9903799891471864,0.902620017528534,0.7735700011253357,108.47799682617188,7.034999847412109,0.9903799891471864,1.3620100021362305
2019-11-20 00:00:00+00:00,1473.3,0.99031001329422,0.9025269746780396,0.7734249830245972,108.44499969482422,7.026800155639648,0.99031001329422,1.361240029335022
2019-11-19 00:00:00+00:00,1473.3,0.9890999794006348,0.9031500220298768,0.7721499800682068,108.66200256347656,7.025000095367432,0.9890999794006348,1.3600000143051147
2019-11-18 00:00:00+00:00,1470.9,0.9889860153198242,0.9045600295066832,0.7739199995994568,108.6989974975586,7.007299900054932,0.9889860153198242,1.3601200580596924
2019-11-15 00:00:00+00:00,1467.3,0.9887700080871582,0.9074000120162964,0.7762899994850159,108.49199676513672,7.019800186157227,0.9887700080871582,1.3616600036621094
2019-11-14 00:00:00+00:00,1471.8,0.9896699786186218,0.9079999923706056,0.7779800295829773,108.7979965209961,7.022600173950195,0.9896699786186218,1.362190008163452
2019-11-13 00:00:00+00:00,1461.7,0.9926599860191344,0.9080700278282166,0.7780799865722656,108.99299621582033,7.006800174713135,0.9926599860191344,1.362429976463318
2019-11-12 00:00:00+00:00,1452.1,0.9930099844932556,0.9061700105667114,0.7777000069618225,109.04199981689452,7.009600162506104,0.9930099844932556,1.3603299856185913
2019-11-11 00:00:00+00:00,1455.5,0.9971699714660645,0.9072399735450744,0.781470000743866,109.22599792480467,6.994999885559082,0.9971699714660645,1.359910011291504
2019-11-08 00:00:00+00:00,1461.3,0.994599997997284,0.9074659943580629,0.7824730277061462,109.27400207519533,,0.994599997997284,1.3573299646377563
2019-11-07 00:00:00+00:00,1464.2,0.9924700260162354,0.903310000896454,0.7778000235557556,108.91300201416016,6.997200012207031,0.9924700260162354,1.3603500127792358
2019-11-06 00:00:00+00:00,1490.2,0.9923999905586244,0.902999997138977,0.7763599753379822,109.14600372314452,7.008800029754639,0.9923999905586244,1.3582199811935425
2019-11-05 00:00:00+00:00,1480.8,0.988290011882782,0.8985900282859802,0.7756999731063843,108.69400024414062,7.029399871826172,0.988290011882782,1.357800006866455
2019-11-04 00:00:00+00:00,1508.0,0.9858400225639344,0.8955299854278564,0.7729399800300598,108.22000122070312,7.036399841308594,0.9858400225639344,1.3566999435424805
2019-11-01 00:00:00+00:00,1508.0,0.9864100217819214,0.8962900042533875,0.772819995880127,107.99600219726562,7.0381999015808105,0.9864100217819214,1.360610008239746
2019-10-31 00:00:00+00:00,1511.4,0.989109992980957,0.8964999914169312,0.7750899791717529,108.78900146484376,7.054399967193604,0.989109992980957,1.360700011253357
2019-10-30 00:00:00+00:00,1493.2,0.9941200017929076,0.8996999859809875,0.7771999835968018,108.8740005493164,7.064899921417236,0.9941200017929076,1.3619999885559082
2019-10-29 00:00:00+00:00,1487.4,0.9947599768638612,0.9009699821472168,0.7777600288391113,108.96399688720705,7.06689977645874,0.9947599768638612,1.36217999458313
2019-10-28 00:00:00+00:00,1492.4,0.9941999912261964,0.902180016040802,0.7792999744415283,108.73400115966795,7.064700126647949,0.9941999912261964,1.3631399869918823
2019-03-29 00:00:00+00:00,1293.6,0.9948300123214722,0.890470027923584,0.7659000158309937,110.63700103759766,6.738100051879883,0.9948300123214722,1.3561400175094604
2019-03-28 00:00:00+00:00,1290.6,0.994700014591217,0.8887500166893005,0.7602999806404114,110.48999786376952,6.726200103759766,0.994700014591217,1.3556900024414062
2019-03-27 00:00:00+00:00,1309.0,0.9936000108718872,0.886929988861084,0.7569199800491333,110.5540008544922,6.714700222015381,0.9936000108718872,1.3515100479125977
2019-03-26 00:00:00+00:00,1315.5,0.9923099875450134,0.8837199807167053,0.7566999793052673,110.06800079345705,6.708399772644043,0.9923099875450134,1.3497200012207031
2019-03-25 00:00:00+00:00,1322.8,0.9939900040626526,0.8852800130844116,0.7572000026702881,110.08100128173828,6.717100143432617,0.9939900040626526,1.3524999618530271
2019-03-22 00:00:00+00:00,1312.7,0.9919000267982484,0.8791199922561646,0.7614799737930298,110.80599975585938,6.698200225830078,0.9919000267982484,1.3485000133514404
2019-03-21 00:00:00+00:00,1307.7,0.99099999666214,0.8750500082969666,0.7572699785232544,110.66000366210938,6.693600177764893,0.99099999666214,1.3455699682235718
2019-03-20 00:00:00+00:00,1301.7,0.9986000061035156,0.8806800246238708,0.7534999847412109,111.4010009765625,6.710999965667725,0.9986000061035156,1.3511600494384766
2019-03-19 00:00:00+00:00,1306.8,1.0010000467300415,0.8821300268173218,0.7538999915122986,111.3730010986328,6.703100204467773,1.0010000467300415,1.35125994682312
2019-03-18 00:00:00+00:00,1301.8,1.002400040626526,0.8834099769592285,0.7520400285720825,111.56099700927734,6.712800025939941,1.002400040626526,1.352929949760437
2019-03-15 00:00:00+00:00,1303.1,1.0034500360488892,0.8842999935150146,0.7542300224304199,111.75299835205078,6.7220001220703125,1.0034500360488892,1.355430006980896
2019-03-14 00:00:00+00:00,1293.9,1.003290057182312,0.8825299739837646,0.7526900172233582,111.1959991455078,6.706099987030029,1.003290057182312,1.3526099920272827
2019-03-13 00:00:00+00:00,1307.1,1.0074000358581543,0.8859400153160095,0.7652999758720398,111.30599975585938,6.707600116729736,1.0074000358581543,1.3557000160217283
2019-03-12 00:00:00+00:00,1298.0,1.0102399587631226,0.888159990310669,0.754800021648407,111.34200286865234,6.725500106811523,1.0102399587631226,1.3569999933242798
2019-03-11 00:00:00+00:00,1290.9,1.0077999830245972,0.89028000831604,0.7699199914932251,111.08000183105467,6.720600128173828,1.0077999830245972,1.35889995098114
2019-03-08 00:00:00+00:00,1299.0,1.010699987411499,0.892989993095398,0.7638000249862671,111.63400268554688,6.714099884033203,1.010699987411499,1.3603299856185913
2019-03-07 00:00:00+00:00,1285.6,1.00409996509552,0.8838599920272827,0.7585999965667725,111.6230010986328,6.710899829864502,1.00409996509552,1.3567500114440918
2019-03-06 00:00:00+00:00,1287.0,1.0044000148773191,0.8844000101089478,0.7600700259208679,111.86599731445312,6.706600189208984,1.0044000148773191,1.3554999828338623
2019-03-05 00:00:00+00:00,1283.7,0.9986000061035156,0.8820400238037109,0.7588099837303162,111.7770004272461,6.706299781799316,0.9986000061035156,1.354300022125244
2019-03-04 00:00:00+00:00,1286.5,0.9983000159263612,0.8790500164031982,0.755299985408783,111.93800354003906,6.705399990081787,0.9983000159263612,1.3526999950408936
2019-03-01 00:00:00+00:00,1298.0,0.9972599744796752,0.8792399764060974,0.7538700103759766,111.35700225830078,6.692999839782715,0.9972599744796752,1.3513000011444092
2019-02-28 00:00:00+00:00,1312.8,1.000499963760376,0.8787199854850769,0.7508500218391418,110.86199951171876,6.686200141906738,1.000499963760376,1.3479100465774536
2019-02-27 00:00:00+00:00,1319.6,0.9997100234031676,0.8777199983596802,0.7542600035667419,110.55599975585938,6.69920015335083,0.9997100234031676,1.347350001335144
2019-02-26 00:00:00+00:00,1326.4,1.0000900030136108,0.8797000050544739,0.7617800235748291,111.0459976196289,6.688399791717529,1.0000900030136108,1.3487999439239502
2019-02-25 00:00:00+00:00,1327.4,0.9997000098228456,0.881659984588623,0.7653700113296509,110.77200317382812,6.713200092315674,0.9997000098228456,1.3500499725341797
2019-02-22 00:00:00+00:00,1330.6,1.0008599758148191,0.881600022315979,0.766789972782135,110.70800018310548,6.719099998474121,1.0008599758148191,1.3530000448226929
2019-02-21 00:00:00+00:00,1325.5,1.0,0.8813400268554688,0.766569972038269,110.76499938964844,6.720300197601318,1.0,1.351099967956543
2019-02-20 00:00:00+00:00,1345.0,1.0012799501419067,0.881600022315979,0.7656199932098389,110.5719985961914,6.757699966430664,1.0012799501419067,1.3524600267410278
2019-02-19 00:00:00+00:00,1341.9,1.0044699907302856,0.8840199708938599,0.7737500071525574,110.59100341796876,6.765699863433838,1.0044699907302856,1.3559999465942385
2019-02-18 00:00:00+00:00,1318.9,1.0045000314712524,0.8851100206375122,0.7748600244522095,110.56400299072266,6.77209997177124,1.0045000314712524,1.3559999465942385
2019-02-15 00:00:00+00:00,1318.9,1.0049500465393066,0.8853200078010559,0.7813500165939331,110.53800201416016,6.771200180053711,1.0049500465393066,1.3579000234603882
2019-02-14 00:00:00+00:00,1311.1,1.0087000131607056,0.8877099752426147,0.7778000235557556,110.9229965209961,6.759399890899658,1.0087000131607056,1.3589999675750732
2019-02-13 00:00:00+00:00,1312.4,1.0061099529266355,0.8822500109672546,0.7756699919700623,110.51499938964844,6.7729997634887695,1.0061099529266355,1.3559000492095947
2019-02-12 00:00:00+00:00,1310.6,1.0039000511169434,0.8866000175476074,0.7773600220680237,110.4000015258789,6.791399955749512,1.0039000511169434,1.3602999448776243
2019-02-11 00:00:00+00:00,1308.4,0.9992899894714355,0.8830599784851074,0.7729899883270264,109.80999755859376,6.743800163269043,0.9992899894714355,1.3553999662399292
2019-02-08 00:00:00+00:00,1314.7,1.002410054206848,0.8819299936294556,0.7722499966621399,109.75599670410156,6.743800163269043,1.002410054206848,1.3569999933242798
2019-02-07 00:00:00+00:00,1310.4,1.0020999908447266,0.8798199892044067,0.7731299996376038,109.9739990234375,6.743800163269043,1.0020999908447266,1.3551000356674194
2019-02-06 00:00:00+00:00,1310.4,0.9997100234031676,0.8764299750328064,0.7717700004577637,109.94100189208984,6.734799861907959,0.9997100234031676,1.350780010223389
2019-02-05 00:00:00+00:00,1315.3,0.9977999925613404,0.8744099736213684,0.7674000263214111,109.96099853515624,6.743800163269043,0.9977999925613404,1.3525999784469604
2019-02-04 00:00:00+00:00,1315.0,0.9954699873924256,0.8729599714279175,0.764680027961731,109.43800354003906,6.743800163269043,0.9954699873924256,1.350000023841858
2019-02-01 00:00:00+00:00,1319.1,0.9937000274658204,0.8733999729156494,0.7628099918365479,108.84400177001952,6.69980001449585,0.9937000274658204,1.3454999923706057
2019-01-31 00:00:00+00:00,1321.2,0.993499994277954,0.8705000281333923,0.7623599767684937,108.9810028076172,6.715499877929688,0.993499994277954,1.3463000059127808
2019-01-30 00:00:00+00:00,1312.6,0.9944999814033508,0.8744800090789795,0.7645000219345093,109.41699981689452,6.73199987411499,0.9944999814033508,1.35207998752594
2019-01-29 00:00:00+00:00,1308.3,0.991599977016449,0.8748900294303894,0.7598699927330017,109.25399780273438,6.74429988861084,0.991599977016449,1.3530000448226929
2019-01-28 00:00:00+00:00,1302.4,0.9923999905586244,0.8761900067329407,0.7570899724960327,109.4000015258789,6.746399879455566,0.9923999905586244,1.3529599905014038
2019-01-25 00:00:00+00:00,1296.6,0.9955999851226808,0.883899986743927,0.7620999813079834,109.59700012207033,6.787600040435791,0.9955999851226808,1.3603999614715576
2019-01-24 00:00:00+00:00,1279.2,0.994570016860962,0.8780999779701233,0.7644000053405762,109.49199676513672,6.790999889373779,0.994570016860962,1.357699990272522
2019-01-23 00:00:00+00:00,1283.1,0.996999979019165,0.8799700140953064,0.7717400193214417,109.3550033569336,6.807000160217285,0.996999979019165,1.3596999645233154
2019-01-22 00:00:00+00:00,1282.1,0.9973000288009644,0.8795599937438965,0.7756900191307068,109.66999816894533,6.797299861907959,0.9973000288009644,1.3588900566101074
2019-01-21 00:00:00+00:00,1278.4,0.9953600168228148,0.8798499703407288,0.777999997138977,109.66100311279295,6.7778000831604,0.9953600168228148,1.3581000566482544
2019-01-18 00:00:00+00:00,1281.3,0.9937000274658204,0.8777599930763245,0.7701799869537354,109.15299987792967,6.775400161743164,0.9937000274658204,1.3549000024795532
2019-01-17 00:00:00+00:00,1291.0,0.9900100231170654,0.8773400187492371,0.7760499715805054,109.03700256347656,6.75600004196167,0.9900100231170654,1.354300022125244
2019-01-16 00:00:00+00:00,1291.2,0.9874699711799622,0.8758999705314636,0.7768700122833252,108.6439971923828,6.750999927520752,0.9874699711799622,1.354599952697754
2019-01-15 00:00:00+00:00,1286.2,0.9810199737548828,0.8716199994087219,0.7767000198364258,108.25,6.767099857330322,0.9810199737548828,1.3531099557876587
2019-01-14 00:00:00+00:00,1289.1,0.9836999773979188,0.8725900053977966,0.778219997882843,108.45800018310548,6.76200008392334,0.9836999773979188,1.353309988975525
2019-01-11 00:00:00+00:00,1287.1,0.9840099811553956,0.8687999844551086,0.7840700149536133,108.2979965209961,6.787499904632568,0.9840099811553956,1.3514000177383425
2019-01-10 00:00:00+00:00,1284.8,0.9739500284194946,0.8654299974441528,0.7812700271606445,108.18900299072266,6.815599918365479,0.9739500284194946,1.3525999784469604
2019-01-09 00:00:00+00:00,1289.3,0.9807699918746948,0.8729000091552734,0.7850599884986877,108.7760009765625,6.852200031280518,0.9807699918746948,1.357100009918213
2019-01-08 00:00:00+00:00,1283.2,0.979099988937378,0.8711000084877014,0.7821000218391418,108.61599731445312,6.849999904632568,0.979099988937378,1.3552000522613523
2019-01-07 00:00:00+00:00,1286.8,0.985759973526001,0.8763899803161621,0.7852399945259094,108.52200317382812,6.868400096893311,0.985759973526001,1.3583999872207642
2019-01-04 00:00:00+00:00,1282.6,0.9871000051498412,0.8778799772262573,0.7918400168418884,107.80799865722656,6.871099948883057,0.9871000051498412,1.3640999794006348
2019-01-02 00:00:00+00:00,1281.0,0.9819999933242798,0.8724700212478638,0.7840499877929688,109.66799926757812,6.877500057220459,0.9819999933242798,1.3624000549316406
2018-12-31 00:00:00+00:00,1278.3,0.9836000204086304,0.8741300106048584,0.7878000140190125,110.33000183105467,6.877200126647949,0.9836000204086304,1.3661500215530396
2018-12-28 00:00:00+00:00,1279.9,0.9868999719619752,0.874809980392456,0.7907500267028809,110.8550033569336,6.865300178527832,0.9868999719619752,1.3705999851226809
2018-12-27 00:00:00+00:00,1277.3,0.9943000078201294,0.8801800012588501,0.7905899882316589,111.20600128173828,6.898099899291992,0.9943000078201294,1.3717999458312988
2018-12-24 00:00:00+00:00,1267.5,0.9936000108718872,0.879289984703064,0.7905799746513367,111.0540008544922,6.905399799346924,0.9936000108718872,1.3735100030899048
2018-12-21 00:00:00+00:00,1253.8,0.9869999885559082,0.8728399872779846,0.7892799973487854,111.1709976196289,6.884099960327148,0.9869999885559082,1.3694000244140625
2018-12-20 00:00:00+00:00,1263.6,0.9939000010490416,0.878000020980835,0.7918999791145325,112.41000366210938,6.890999794006348,0.9939000010490416,1.371899962425232
2018-12-19 00:00:00+00:00,1255.8,0.9923999905586244,0.8790900111198425,0.7901999950408936,112.52400207519533,6.894199848175049,0.9923999905586244,1.369979977607727
2018-12-18 00:00:00+00:00,1249.2,0.992609977722168,0.8810700178146362,0.7926599979400635,112.8290023803711,6.896200180053711,0.992609977722168,1.372499942779541
2018-12-17 00:00:00+00:00,1247.4,0.997510015964508,0.8844900131225586,0.7945600152015686,113.38999938964844,6.906599998474121,0.997510015964508,1.3766100406646729
2018-12-14 00:00:00+00:00,1237.0,0.9936000108718872,0.8799999952316284,0.7901999950408936,113.55999755859376,6.88070011138916,0.9936000108718872,1.3708000183105469
2018-12-13 00:00:00+00:00,1243.0,0.9926000237464904,0.8792399764060974,0.7918499708175659,113.28500366210938,6.879000186920166,0.9926000237464904,1.371500015258789
2018-12-12 00:00:00+00:00,1244.4,0.9931600093841552,0.8831499814987183,0.8004500269889832,113.38400268554688,6.89900016784668,0.9931600093841552,1.3729000091552734
2018-12-11 00:00:00+00:00,1241.9,0.9894999861717224,0.8805500268936157,0.7961000204086304,113.18099975585938,6.910999774932861,0.9894999861717224,1.3738000392913818
2018-12-10 00:00:00+00:00,1243.7,0.9897199869155884,0.8771200180053711,0.7860999703407288,112.5019989013672,6.87470006942749,0.9897199869155884,1.3708000183105469
2018-12-07 00:00:00+00:00,1246.8,0.9932000041007996,0.8791400194168091,0.7825599908828735,112.68900299072266,6.881700038909912,0.9932000041007996,1.3697999715805054
2018-12-06 00:00:00+00:00,1238.1,0.9970200061798096,0.8811299800872803,0.7856900095939636,113.0510025024414,6.855800151824951,0.9970200061798096,1.367300033569336
2018-12-05 00:00:00+00:00,1237.1,0.9972000122070312,0.8816099762916565,0.7861300110816956,112.6989974975586,6.836299896240234,0.9972000122070312,1.364799976348877
2018-12-04 00:00:00+00:00,1241.1,0.9978200197219848,0.8806800246238708,0.7857999801635742,113.58699798583984,6.882299900054932,0.9978200197219848,1.3658000230789185
2018-12-03 00:00:00+00:00,1233.9,0.9983000159263612,0.881659984588623,0.7840999960899353,113.76300048828124,6.958000183105469,0.9983000159263612,1.3687000274658203
2018-11-30 00:00:00+00:00,1220.1,0.9958999752998352,0.8777499794960022,0.7821999788284302,113.41100311279295,6.941500186920166,0.9958999752998352,1.3694000244140625
2018-11-29 00:00:00+00:00,1224.0,0.9929999709129332,0.8796200156211853,0.7797799706459045,113.55500030517578,6.952899932861328,0.9929999709129332,1.3723000288009644
2018-11-28 00:00:00+00:00,1221.4,0.998199999332428,0.8850499987602234,0.7846999764442444,113.76699829101562,6.9506001472473145,0.998199999332428,1.3773000240325928
2018-11-27 00:00:00+00:00,1211.2,0.9982200264930724,0.8823500275611877,0.7804999947547913,113.50399780273438,6.930799961090088,0.9982200264930724,1.374500036239624
2018-11-26 00:00:00+00:00,1221.6,0.997319996356964,0.8820400238037109,0.7804999947547913,112.91899871826172,6.947500228881836,0.997319996356964,1.3754199743270874
2018-11-23 00:00:00+00:00,1221.0,0.9943000078201294,0.8769500255584717,0.776639997959137,112.97799682617188,6.931000232696533,0.9943000078201294,1.3727999925613403
2018-11-22 00:00:00+00:00,1224.8,0.9940999746322632,0.8780900239944458,0.7826399803161621,113.02100372314452,6.926199913024902,0.9940999746322632,1.3732000589370728
2018-11-21 00:00:00+00:00,1226.5,0.9947199821472168,0.8793200254440308,0.7819100022315979,112.7030029296875,6.944399833679199,0.9947199821472168,1.374500036239624
2018-11-20 00:00:00+00:00,1219.0,0.9929999709129332,0.872979998588562,0.7776200175285339,112.44300079345705,6.940999984741211,0.9929999709129332,1.371000051498413
2018-11-19 00:00:00+00:00,1224.0,0.9993799924850464,0.8761199712753296,0.779229998588562,112.7300033569336,6.936999797821045,0.9993799924850464,1.373110055923462
2018-11-16 00:00:00+00:00,1220.8,1.006700038909912,0.8830100297927856,0.78329998254776,113.55500030517578,6.938199996948242,1.006700038909912,1.3759599924087524
2018-11-15 00:00:00+00:00,1212.8,1.0059000253677368,0.8840299844741821,0.7700499892234802,113.56400299072266,6.94950008392334,1.0059000253677368,1.378790020942688
2018-11-14 00:00:00+00:00,1207.7,1.0058000087738037,0.8840799927711487,0.7684000134468079,113.78900146484376,6.9552001953125,1.0058000087738037,1.3777999877929688
2018-11-13 00:00:00+00:00,1199.2,1.010210037231445,0.8902000188827515,0.7777299880981445,113.6959991455078,6.962500095367432,1.010210037231445,1.3846999406814575
2018-11-12 00:00:00+00:00,1201.3,1.0059000253677368,0.8830000162124634,0.7728899717330933,113.84600067138672,6.955900192260742,1.0059000253677368,1.3787000179290771
2018-11-09 00:00:00+00:00,1206.4,1.0055999755859375,0.8796300292015076,0.7652999758720398,113.9530029296875,6.933499813079834,1.0055999755859375,1.375
2018-11-08 00:00:00+00:00,1223.1,1.0017999410629272,0.8745800256729126,0.7616999745368958,113.5469970703125,6.909999847412109,1.0017999410629272,1.371399998664856
2018-11-07 00:00:00+00:00,1226.2,1.001579999923706,0.874239981174469,0.7626299858093262,113.36299896240234,6.918499946594238,1.001579999923706,1.3724000453948977
2018-11-06 00:00:00+00:00,1223.8,1.0041999816894531,0.8762000203132629,0.7658100128173828,113.24600219726562,6.924799919128418,1.0041999816894531,1.3741999864578247
2018-11-05 00:00:00+00:00,1229.8,1.002400040626526,0.8773800134658813,0.7688999772071838,113.13899993896484,6.889900207519531,1.002400040626526,1.3737599849700928
2018-11-02 00:00:00+00:00,1230.9,1.0019999742507937,0.8769400119781494,0.7690100073814392,112.71499633789062,6.922399997711182,1.0019999742507937,1.3763099908828735
2018-11-01 00:00:00+00:00,1236.0,1.007949948310852,0.883650004863739,0.7831199765205383,112.85099792480467,6.974699974060059,1.007949948310852,1.3847999572753906
2018-10-31 00:00:00+00:00,1212.1,1.0049999952316284,0.8813400268554688,0.7868499755859375,113.052001953125,6.966300010681152,1.0049999952316284,1.3847999572753906
2018-10-30 00:00:00+00:00,1222.7,1.001729965209961,0.8790299892425537,0.7810999751091003,112.3239974975586,6.951900005340576,1.001729965209961,1.3832299709320068
2018-10-29 00:00:00+00:00,1204.8,0.9973999857902528,0.8772900104522705,0.7793599963188171,111.90799713134766,6.942500114440918,0.9973999857902528,1.3800599575042725
