date,USDSGD,USDCNY,USDEUR,USDGBP,USDCHF,USDJPY,USDGOLD
11/04/2018 00:00,1.31,6.269,0.808,0.705,0.958,106.81,1356.5
12/04/2018 00:00,1.312,6.292,0.811,0.703,0.963,107.304,1338.4
13/04/2018 00:00,1.312,6.275,0.81,0.702,0.962,107.345,1344.8
16/04/2018 00:00,1.31,6.295,0.808,0.697,0.96,107.139,1347.0
17/04/2018 00:00,1.311,6.283,0.808,0.7,0.966,107.033,1347.2
18/04/2018 00:00,1.31,6.274,0.808,0.704,0.969,107.213,1351.2
19/04/2018 00:00,1.311,6.279,0.81,0.71,0.971,107.364,1346.8
20/04/2018 00:00,1.316,6.297,0.812,0.714,0.974,107.685,1336.5
23/04/2018 00:00,1.325,6.317,0.819,0.717,0.978,108.697,1322.5
24/04/2018 00:00,1.322,6.306,0.817,0.715,0.979,108.812,1331.6
25/04/2018 00:00,1.329,6.326,0.822,0.718,0.984,109.384,1321.2
26/04/2018 00:00,1.328,6.36,0.826,0.719,0.989,109.292,1316.3
27/04/2018 00:00,1.324,6.333,0.823,0.726,0.988,109.015,1320.3
30/04/2018 00:00,1.326,6.334,0.828,0.726,0.991,109.267,1316.2
01/05/2018 00:00,1.333,6.355,0.834,0.734,0.997,109.855,1303.8
02/05/2018 00:00,1.335,6.362,0.836,0.737,0.998,109.816,1302.6
03/05/2018 00:00,1.331,6.354,0.834,0.737,0.998,109.185,1310.8
04/05/2018 00:00,1.334,6.361,0.835,0.739,1.0,108.695,1312.2
07/05/2018 00:00,1.336,6.367,0.839,0.738,1.003,109.083,1312.2
08/05/2018 00:00,1.34,6.371,0.843,0.738,1.002,109.062,1312.0
09/05/2018 00:00,1.346,6.362,0.844,0.738,1.005,109.723,1311.6
10/05/2018 00:00,1.338,6.349,0.839,0.74,1.003,109.41,1320.8
11/05/2018 00:00,1.336,6.334,0.836,0.738,1.0,109.405,1319.3
14/05/2018 00:00,1.336,6.339,0.839,0.738,1.001,109.695,1316.5
15/05/2018 00:00,1.345,6.37,0.845,0.74,1.001,110.336,1288.9
16/05/2018 00:00,1.34,6.372,0.847,0.74,1.001,110.294,1290.2
17/05/2018 00:00,1.342,6.367,0.848,0.74,1.001,110.751,1288.2
18/05/2018 00:00,1.343,6.378,0.848,0.742,0.998,110.765,1290.2
21/05/2018 00:00,1.34,6.382,0.848,0.745,0.997,111.028,1290.2
22/05/2018 00:00,1.339,6.367,0.849,0.744,0.993,110.902,1291.7
23/05/2018 00:00,1.343,6.39,0.854,0.749,0.995,109.94,1288.5
24/05/2018 00:00,1.339,6.378,0.853,0.747,0.991,109.231,1303.4
25/05/2018 00:00,1.342,6.388,0.858,0.751,0.99,109.445,1302.6
28/05/2018 00:00,1.343,6.399,0.86,0.751,0.994,109.372,1296.8
29/05/2018 00:00,1.346,6.42,0.866,0.754,0.991,108.619,1298.7
30/05/2018 00:00,1.339,6.418,0.857,0.753,0.99,108.898,1301.4
31/05/2018 00:00,1.338,6.41,0.855,0.753,0.986,108.792,1300.0
01/06/2018 00:00,1.338,6.42,0.857,0.749,0.988,109.54,1294.8
04/06/2018 00:00,1.337,6.411,0.855,0.751,0.988,109.808,1293.1
05/06/2018 00:00,1.335,6.404,0.853,0.746,0.984,109.805,1298.5
06/06/2018 00:00,1.333,6.388,0.849,0.746,0.986,110.149,1297.1
07/06/2018 00:00,1.334,6.392,0.848,0.745,0.98,109.722,1298.8
08/06/2018 00:00,1.335,6.401,0.849,0.747,0.986,109.635,1298.1
11/06/2018 00:00,1.336,6.393,0.849,0.747,0.985,110.06,1298.9
12/06/2018 00:00,1.337,6.403,0.851,0.748,0.987,110.375,1295.1
13/06/2018 00:00,1.336,6.399,0.848,0.748,0.985,110.325,1296.9
14/06/2018 00:00,1.345,6.403,0.864,0.754,0.997,110.67,1304.0
15/06/2018 00:00,1.351,6.438,0.86,0.753,0.996,110.675,1274.9
18/06/2018 00:00,1.351,6.439,0.86,0.755,0.995,110.542,1276.2
19/06/2018 00:00,1.357,6.487,0.863,0.759,0.994,110.066,1275.6
20/06/2018 00:00,1.359,6.473,0.864,0.759,0.996,110.35,1271.2
21/06/2018 00:00,1.358,6.492,0.862,0.755,0.991,109.9,1267.2
22/06/2018 00:00,1.358,6.505,0.857,0.754,0.988,109.87,1267.4
25/06/2018 00:00,1.362,6.545,0.855,0.753,0.987,109.735,1265.6
26/06/2018 00:00,1.363,6.579,0.858,0.756,0.991,110.035,1256.6
27/06/2018 00:00,1.367,6.605,0.865,0.762,0.997,110.229,1252.8
28/06/2018 00:00,1.368,6.628,0.865,0.765,0.998,110.463,1247.8
29/06/2018 00:00,1.363,6.623,0.854,0.757,0.99,110.5,1251.3
02/07/2018 00:00,1.37,6.671,0.859,0.761,0.994,110.876,1240.1
03/07/2018 00:00,1.365,6.643,0.858,0.758,0.992,110.588,1251.6
04/07/2018 00:00,1.365,6.636,0.858,0.756,0.993,110.498,1259.9
05/07/2018 00:00,1.365,6.637,0.855,0.756,0.993,110.677,1257.3
06/07/2018 00:00,1.357,6.643,0.851,0.753,0.99,110.475,1254.3
09/07/2018 00:00,1.357,6.617,0.851,0.755,0.992,110.85,1258.0
10/07/2018 00:00,1.358,6.633,0.852,0.753,0.992,110.952,1253.8
11/07/2018 00:00,1.364,6.681,0.857,0.757,0.996,111.93,1242.8
12/07/2018 00:00,1.363,6.668,0.857,0.757,1.002,112.53,1245.0
13/07/2018 00:00,1.366,6.688,0.855,0.756,1.002,112.385,1239.6
16/07/2018 00:00,1.362,6.692,0.854,0.755,0.997,112.257,1238.1
17/07/2018 00:00,1.365,6.706,0.858,0.763,1.0,112.89,1225.4
18/07/2018 00:00,1.365,6.719,0.859,0.765,0.999,112.827,1226.3
19/07/2018 00:00,1.37,6.775,0.859,0.768,0.999,112.421,1228.0
20/07/2018 00:00,1.363,6.771,0.852,0.761,0.993,111.48,1230.3
23/07/2018 00:00,1.365,6.796,0.855,0.763,0.993,111.314,1224.0
24/07/2018 00:00,1.364,6.796,0.856,0.761,0.994,111.192,1225.2
25/07/2018 00:00,1.359,6.768,0.853,0.758,0.992,111.021,1231.1
26/07/2018 00:00,1.364,6.793,0.859,0.763,0.994,111.242,1225.3
27/07/2018 00:00,1.362,6.814,0.857,0.763,0.995,111.045,1222.3
30/07/2018 00:00,1.361,6.815,0.854,0.762,0.988,111.047,1221.7
31/07/2018 00:00,1.362,6.813,0.856,0.762,0.99,111.836,1223.6
01/08/2018 00:00,1.362,6.823,0.858,0.762,0.992,111.721,1217.8
02/08/2018 00:00,1.369,6.843,0.863,0.768,0.995,111.645,1211.0
03/08/2018 00:00,1.366,6.83,0.863,0.769,0.995,111.265,1214.2
06/08/2018 00:00,1.369,6.854,0.866,0.773,0.996,111.385,1208.6
07/08/2018 00:00,1.364,6.833,0.862,0.773,0.996,111.387,1209.6
08/08/2018 00:00,1.363,6.836,0.861,0.776,0.993,110.941,1212.6
09/08/2018 00:00,1.368,6.82,0.867,0.779,0.994,111.095,1211.9
10/08/2018 00:00,1.373,6.847,0.875,0.783,0.995,110.875,1211.5
13/08/2018 00:00,1.376,6.891,0.877,0.784,0.993,110.745,1191.6
14/08/2018 00:00,1.378,6.885,0.881,0.786,0.994,111.212,1193.0
15/08/2018 00:00,1.38,6.935,0.881,0.788,0.993,110.709,1177.5
16/08/2018 00:00,1.376,6.883,0.879,0.787,0.997,110.938,1176.2
17/08/2018 00:00,1.371,6.878,0.873,0.784,0.996,110.505,1176.5
20/08/2018 00:00,1.369,6.858,0.87,0.781,0.991,110.062,1186.8
21/08/2018 00:00,1.365,6.847,0.864,0.775,0.985,110.203,1192.6
22/08/2018 00:00,1.367,6.842,0.862,0.774,0.983,110.553,1196.3
23/08/2018 00:00,1.373,6.878,0.866,0.78,0.986,111.285,1187.0
24/08/2018 00:00,1.365,6.807,0.86,0.779,0.983,111.235,1206.8
27/08/2018 00:00,1.362,6.816,0.856,0.776,0.98,111.032,1206.8
28/08/2018 00:00,1.364,6.803,0.855,0.777,0.976,111.169,1207.4
29/08/2018 00:00,1.365,6.821,0.854,0.768,0.971,111.697,1204.5
30/08/2018 00:00,1.367,6.844,0.857,0.768,0.969,111.037,1197.7
31/08/2018 00:00,1.372,6.83,0.86,0.772,0.969,110.875,1200.3
03/09/2018 00:00,1.372,6.839,0.861,0.777,0.97,111.073,1200.5
04/09/2018 00:00,1.376,6.843,0.863,0.778,0.974,111.46,1192.7
05/09/2018 00:00,1.375,6.831,0.86,0.774,0.971,111.485,1194.9
06/09/2018 00:00,1.375,6.837,0.86,0.773,0.966,110.675,1197.9
07/09/2018 00:00,1.379,6.844,0.864,0.774,0.969,111.005,1193.6
10/09/2018 00:00,1.379,6.855,0.862,0.768,0.975,111.106,1194.6
11/09/2018 00:00,1.375,6.874,0.862,0.768,0.973,111.609,1196.3
12/09/2018 00:00,1.372,6.86,0.86,0.766,0.97,111.257,1205.6
13/09/2018 00:00,1.371,6.849,0.855,0.763,0.967,111.911,1201.5
14/09/2018 00:00,1.374,6.871,0.86,0.765,0.968,112.055,1194.6
17/09/2018 00:00,1.372,6.857,0.856,0.76,0.963,111.844,1199.8
18/09/2018 00:00,1.37,6.86,0.857,0.761,0.964,112.374,1197.6
19/09/2018 00:00,1.369,6.847,0.857,0.761,0.967,112.268,1202.8
20/09/2018 00:00,1.364,6.847,0.849,0.753,0.959,112.479,1206.1
21/09/2018 00:00,1.364,6.858,0.85,0.765,0.959,112.575,1196.3
24/09/2018 00:00,1.367,6.879,0.851,0.762,0.965,112.77,1200.0
25/09/2018 00:00,1.366,6.866,0.85,0.759,0.965,112.953,1200.0
26/09/2018 00:00,1.366,6.879,0.851,0.76,0.965,112.687,1192.4
27/09/2018 00:00,1.368,6.89,0.859,0.765,0.977,113.408,1182.2
28/09/2018 00:00,1.367,6.869,0.86,0.767,0.982,113.495,1191.5
01/10/2018 00:00,1.372,6.869,0.864,0.767,0.984,113.997,1187.1
02/10/2018 00:00,1.373,6.869,0.866,0.771,0.984,113.633,1202.4
03/10/2018 00:00,1.38,6.869,0.871,0.772,0.991,114.485,1198.3
04/10/2018 00:00,1.381,6.869,0.869,0.768,0.992,113.913,1197.2
05/10/2018 00:00,1.383,6.869,0.867,0.762,0.992,113.725,1201.2
08/10/2018 00:00,1.384,6.931,0.87,0.764,0.992,113.175,1184.4
09/10/2018 00:00,1.383,6.923,0.87,0.761,0.992,112.981,1187.2
10/10/2018 00:00,1.384,6.924,0.867,0.758,0.989,112.233,1189.3
11/10/2018 00:00,1.376,6.89,0.863,0.756,0.99,112.109,1222.0
12/10/2018 00:00,1.378,6.922,0.864,0.76,0.992,112.225,1218.1
15/10/2018 00:00,1.376,6.917,0.863,0.76,0.987,111.779,1226.4
16/10/2018 00:00,1.374,6.912,0.864,0.758,0.991,112.306,1227.3
17/10/2018 00:00,1.378,6.928,0.869,0.763,0.995,112.671,1223.7
18/10/2018 00:00,1.381,6.938,0.873,0.768,0.995,112.203,1225.8
19/10/2018 00:00,1.377,6.93,0.867,0.765,0.996,112.545,1225.2
22/10/2018 00:00,1.38,6.947,0.872,0.771,0.996,112.815,1221.2
23/10/2018 00:00,1.378,6.938,0.872,0.77,0.995,112.413,1233.4
24/10/2018 00:00,1.381,6.944,0.877,0.776,0.997,112.165,1227.8
25/10/2018 00:00,1.381,6.949,0.879,0.78,0.999,112.371,1229.1
26/10/2018 00:00,1.38,6.944,0.875,0.779,0.997,111.885,1232.5
29/10/2018 00:00,1.384,6.962,0.879,0.781,1.002,112.35,1204.8
30/10/2018 00:00,1.385,6.967,0.882,0.787,1.005,113.098,1222.7
31/10/2018 00:00,1.386,6.976,0.884,0.783,1.008,112.932,1212.1
01/11/2018 00:00,1.377,6.924,0.877,0.772,1.002,112.752,1236.0
02/11/2018 00:00,1.375,6.891,0.878,0.77,1.003,113.206,1230.9
05/11/2018 00:00,1.375,6.926,0.876,0.765,1.004,113.212,1229.8
06/11/2018 00:00,1.373,6.92,0.876,0.764,1.003,113.429,1223.8
07/11/2018 00:00,1.372,6.92,0.875,0.762,1.002,113.515,1226.2
08/11/2018 00:00,1.376,6.934,0.88,0.765,1.006,114.045,1223.1
09/11/2018 00:00,1.379,6.957,0.882,0.771,1.006,113.82,1206.4
12/11/2018 00:00,1.385,6.964,0.891,0.778,1.011,113.798,1201.3
13/11/2018 00:00,1.379,6.956,0.885,0.768,1.007,113.819,1199.2
14/11/2018 00:00,1.379,6.95,0.884,0.77,1.007,113.594,1207.7
15/11/2018 00:00,1.375,6.939,0.883,0.783,1.007,113.55,1212.8
16/11/2018 00:00,1.373,6.938,0.876,0.779,1.0,112.82,1220.8
19/11/2018 00:00,1.372,6.942,0.873,0.777,0.993,112.504,1224.0
20/11/2018 00:00,1.375,6.946,0.88,0.782,0.995,112.718,1219.0
21/11/2018 00:00,1.373,6.927,0.878,0.783,0.994,113.068,1226.5
22/11/2018 00:00,1.373,6.932,0.877,0.777,0.994,112.945,1224.8
23/11/2018 00:00,1.375,6.949,0.882,0.782,0.997,112.96,1221.0
26/11/2018 00:00,1.375,6.941,0.883,0.781,0.998,113.58,1221.6
27/11/2018 00:00,1.378,6.952,0.885,0.785,0.999,113.759,1211.2
28/11/2018 00:00,1.373,6.954,0.879,0.78,0.994,113.624,1221.4
29/11/2018 00:00,1.37,6.943,0.878,0.782,0.996,113.428,1224.0
30/11/2018 00:00,1.373,6.959,0.883,0.784,0.998,113.55,1220.1
03/12/2018 00:00,1.367,6.883,0.881,0.786,0.998,113.629,1233.9
04/12/2018 00:00,1.365,6.837,0.882,0.786,0.998,112.772,1241.1
05/12/2018 00:00,1.367,6.857,0.881,0.785,0.997,113.141,1237.1
06/12/2018 00:00,1.369,6.883,0.879,0.782,0.993,112.7,1238.1
07/12/2018 00:00,1.369,6.874,0.878,0.785,0.99,112.745,1246.8
10/12/2018 00:00,1.374,6.913,0.881,0.796,0.99,113.259,1243.7
11/12/2018 00:00,1.374,6.9,0.883,0.801,0.993,113.38,1241.9
12/12/2018 00:00,1.372,6.88,0.879,0.791,0.993,113.274,1244.4
13/12/2018 00:00,1.371,6.882,0.88,0.791,0.994,113.606,1243.0
14/12/2018 00:00,1.377,6.908,0.884,0.795,0.998,113.355,1237.0
17/12/2018 00:00,1.373,6.897,0.881,0.793,0.993,112.824,1247.4
18/12/2018 00:00,1.371,6.895,0.88,0.791,0.992,112.473,1249.2
19/12/2018 00:00,1.372,6.891,0.879,0.793,0.994,112.433,1255.8
20/12/2018 00:00,1.37,6.885,0.873,0.79,0.987,111.29,1263.6
21/12/2018 00:00,1.374,6.906,0.88,0.792,0.99,110.965,1253.8
24/12/2018 00:00,1.374,6.899,0.877,0.787,0.987,110.447,1267.5
27/12/2018 00:00,1.371,6.866,0.875,0.791,0.988,110.912,1277.3
28/12/2018 00:00,1.367,6.878,0.874,0.787,0.984,110.5,1279.9
31/12/2018 00:00,1.363,6.879,0.873,0.784,0.983,109.59,1278.3
02/01/2019 00:00,1.367,6.862,0.882,0.801,0.989,106.63,1281.0
04/01/2019 00:00,1.359,6.869,0.877,0.786,0.987,108.52,1282.6
07/01/2019 00:00,1.356,6.851,0.871,0.782,0.98,108.664,1286.8
08/01/2019 00:00,1.358,6.853,0.874,0.787,0.982,108.78,1283.2
09/01/2019 00:00,1.354,6.818,0.866,0.782,0.974,108.156,1289.3
10/01/2019 00:00,1.352,6.789,0.87,0.784,0.984,108.398,1284.8
11/01/2019 00:00,1.353,6.763,0.872,0.779,0.984,108.53,1287.1
14/01/2019 00:00,1.354,6.768,0.872,0.777,0.981,108.161,1289.1
15/01/2019 00:00,1.356,6.761,0.877,0.777,0.988,108.673,1286.2
16/01/2019 00:00,1.355,6.758,0.878,0.776,0.99,109.033,1291.2
17/01/2019 00:00,1.355,6.776,0.878,0.77,0.994,109.197,1291.0
18/01/2019 00:00,1.359,6.779,0.88,0.777,0.996,109.785,1281.3
21/01/2019 00:00,1.359,6.798,0.88,0.776,0.997,109.605,1278.4
22/01/2019 00:00,1.36,6.808,0.88,0.772,0.997,109.35,1282.1
23/01/2019 00:00,1.359,6.792,0.879,0.765,0.995,109.56,1283.1
24/01/2019 00:00,1.361,6.789,0.885,0.765,0.996,109.565,1279.2
25/01/2019 00:00,1.354,6.749,0.876,0.758,0.992,109.6,1296.6
28/01/2019 00:00,1.353,6.745,0.875,0.761,0.992,109.304,1302.4
29/01/2019 00:00,1.352,6.733,0.874,0.765,0.995,109.349,1308.3
30/01/2019 00:00,1.347,6.717,0.871,0.762,0.994,109.048,1312.6
31/01/2019 00:00,1.346,6.701,0.874,0.763,0.994,108.825,1321.2
01/02/2019 00:00,1.35,6.745,0.873,0.764,0.995,109.53,1319.1
04/02/2019 00:00,1.353,6.745,0.874,0.767,0.998,109.897,1315.0
05/02/2019 00:00,1.351,6.745,0.877,0.772,1.0,109.953,1315.3
06/02/2019 00:00,1.356,6.745,0.88,0.773,1.002,109.978,1310.4
07/02/2019 00:00,1.357,6.745,0.881,0.772,1.002,109.78,1310.4
08/02/2019 00:00,1.357,6.745,0.883,0.773,1.0,109.715,1314.7
11/02/2019 00:00,1.361,6.792,0.887,0.777,1.004,110.375,1308.4
12/02/2019 00:00,1.357,6.774,0.883,0.775,1.006,110.458,1310.6
13/02/2019 00:00,1.36,6.76,0.889,0.779,1.009,111.016,1312.4
14/02/2019 00:00,1.358,6.772,0.885,0.781,1.005,110.507,1311.1
15/02/2019 00:00,1.357,6.773,0.885,0.776,1.005,110.565,1318.9
18/02/2019 00:00,1.357,6.767,0.884,0.774,1.005,110.6,1318.9
19/02/2019 00:00,1.353,6.759,0.882,0.766,1.002,110.597,1341.9
20/02/2019 00:00,1.352,6.721,0.881,0.766,1.001,110.823,1345.0
21/02/2019 00:00,1.354,6.722,0.882,0.767,1.001,110.684,1325.5
22/02/2019 00:00,1.351,6.714,0.882,0.766,1.001,110.63,1330.6
25/02/2019 00:00,1.349,6.689,0.88,0.762,1.0,111.046,1327.4
26/02/2019 00:00,1.348,6.7,0.878,0.754,1.0,110.582,1326.4
27/02/2019 00:00,1.349,6.687,0.879,0.751,1.001,110.955,1319.6
28/02/2019 00:00,1.352,6.694,0.88,0.754,0.998,111.383,1312.8
01/03/2019 00:00,1.355,6.706,0.88,0.757,0.999,111.89,1298.0
04/03/2019 00:00,1.354,6.707,0.882,0.759,0.999,111.745,1286.5
05/03/2019 00:00,1.356,6.707,0.885,0.76,1.005,111.874,1283.7
06/03/2019 00:00,1.357,6.712,0.884,0.759,1.005,111.736,1287.0
07/03/2019 00:00,1.361,6.715,0.893,0.764,1.011,111.611,1285.6
08/03/2019 00:00,1.359,6.722,0.89,0.768,1.008,111.355,1299.0
11/03/2019 00:00,1.357,6.726,0.888,0.756,1.01,111.27,1290.9
12/03/2019 00:00,1.356,6.709,0.886,0.765,1.007,111.314,1298.0
13/03/2019 00:00,1.353,6.707,0.882,0.751,1.003,111.25,1307.1
14/03/2019 00:00,1.355,6.723,0.884,0.755,1.004,111.676,1293.9
15/03/2019 00:00,1.353,6.714,0.881,0.751,1.002,111.47,1303.1
18/03/2019 00:00,1.352,6.713,0.882,0.755,1.002,111.413,1301.8
19/03/2019 00:00,1.351,6.712,0.881,0.754,0.999,111.37,1306.8
20/03/2019 00:00,1.346,6.695,0.876,0.758,0.991,110.725,1301.7
21/03/2019 00:00,1.349,6.698,0.879,0.761,0.992,110.784,1307.7
22/03/2019 00:00,1.352,6.718,0.883,0.757,0.994,109.915,1312.7
25/03/2019 00:00,1.35,6.709,0.884,0.757,0.992,109.998,1322.8
26/03/2019 00:00,1.352,6.716,0.887,0.757,0.994,110.557,1315.5
27/03/2019 00:00,1.356,6.727,0.889,0.76,0.995,110.472,1309.0
28/03/2019 00:00,1.357,6.739,0.891,0.766,0.995,110.652,1290.6
29/03/2019 00:00,1.356,6.712,0.89,0.767,0.995,110.858,1293.6
01/04/2019 00:00,1.355,6.712,0.893,0.766,0.999,111.417,1289.5
02/04/2019 00:00,1.355,6.723,0.893,0.762,0.998,111.34,1291.1
03/04/2019 00:00,1.354,6.711,0.89,0.76,0.998,111.456,1290.8
04/04/2019 00:00,1.355,6.717,0.891,0.765,1.0,111.623,1290.1
05/04/2019 00:00,1.355,6.718,0.89,0.767,1.0,111.715,1291.4
08/04/2019 00:00,1.355,6.716,0.888,0.766,0.999,111.485,1297.1
09/04/2019 00:00,1.354,6.712,0.888,0.766,1.0,111.149,1304.3
10/04/2019 00:00,1.352,6.716,0.887,0.764,1.002,110.92,1309.1
11/04/2019 00:00,1.356,6.72,0.888,0.766,1.003,111.625,1289.1
12/04/2019 00:00,1.353,6.704,0.883,0.764,1.002,112.035,1290.6
15/04/2019 00:00,1.353,6.709,0.885,0.764,1.004,111.985,1288.3
16/04/2019 00:00,1.354,6.712,0.886,0.766,1.007,112.01,1274.7
17/04/2019 00:00,1.353,6.688,0.885,0.767,1.011,112.056,1274.6
18/04/2019 00:00,1.356,6.709,0.89,0.77,1.015,111.98,1274.6
23/04/2019 00:00,1.357,6.726,0.891,0.773,1.02,111.87,1269.3
24/04/2019 00:00,1.362,6.722,0.896,0.775,1.021,112.1,1275.5
25/04/2019 00:00,1.363,6.743,0.898,0.775,1.02,111.585,1275.8
26/04/2019 00:00,1.362,6.73,0.896,0.774,1.02,111.59,1284.9
29/04/2019 00:00,1.361,6.734,0.894,0.773,1.019,111.65,1279.8
30/04/2019 00:00,1.361,6.735,0.892,0.767,1.019,111.428,1283.9
01/05/2019 00:00,1.361,6.735,0.893,0.766,1.018,111.402,1282.8
02/05/2019 00:00,1.362,6.735,0.895,0.767,1.019,111.503,1270.9
03/05/2019 00:00,1.36,6.735,0.892,0.759,1.017,111.26,1270.9
06/05/2019 00:00,1.364,6.765,0.893,0.764,1.018,110.662,1270.9
07/05/2019 00:00,1.363,6.777,0.893,0.765,1.019,110.265,1284.3
08/05/2019 00:00,1.363,6.783,0.893,0.769,1.021,110.101,1280.6
09/05/2019 00:00,1.365,6.828,0.891,0.769,1.015,109.742,1283.5
10/05/2019 00:00,1.363,6.824,0.89,0.769,1.012,109.665,1286.7
13/05/2019 00:00,1.371,6.878,0.891,0.771,1.006,109.255,1301.1
14/05/2019 00:00,1.369,6.876,0.892,0.775,1.008,109.636,1295.5
15/05/2019 00:00,1.368,6.876,0.892,0.779,1.008,109.584,1297.1
16/05/2019 00:00,1.373,6.884,0.895,0.781,1.01,109.856,1286.0
17/05/2019 00:00,1.377,6.919,0.895,0.786,1.011,110.015,1276.1
20/05/2019 00:00,1.377,6.912,0.895,0.786,1.008,110.091,1276.1
21/05/2019 00:00,1.377,6.902,0.896,0.787,1.011,110.53,1272.0
22/05/2019 00:00,1.379,6.906,0.897,0.79,1.009,110.345,1274.6
23/05/2019 00:00,1.38,6.911,0.894,0.79,1.003,109.618,1284.8
24/05/2019 00:00,1.375,6.9,0.892,0.787,1.003,109.315,1284.3
27/05/2019 00:00,1.375,6.898,0.893,0.789,1.004,109.508,1284.3
28/05/2019 00:00,1.38,6.91,0.896,0.79,1.007,109.369,1277.8
29/05/2019 00:00,1.381,6.914,0.898,0.792,1.008,109.577,1280.6
30/05/2019 00:00,1.379,6.902,0.899,0.793,1.008,109.614,1287.1
31/05/2019 00:00,1.374,6.905,0.893,0.791,1.0,108.385,1305.8
03/06/2019 00:00,1.367,6.904,0.889,0.79,0.992,108.064,1322.7
04/06/2019 00:00,1.366,6.908,0.889,0.788,0.992,108.164,1323.4
05/06/2019 00:00,1.367,6.909,0.891,0.788,0.995,108.409,1329.3
06/06/2019 00:00,1.364,6.91,0.887,0.788,0.991,108.366,1338.4
07/06/2019 00:00,1.362,6.91,0.882,0.785,0.988,108.185,1341.9
10/06/2019 00:00,1.366,6.931,0.884,0.788,0.99,108.454,1325.5
11/06/2019 00:00,1.364,6.911,0.883,0.786,0.992,108.549,1327.4
12/06/2019 00:00,1.367,6.918,0.886,0.788,0.995,108.483,1333.0
13/06/2019 00:00,1.367,6.922,0.887,0.789,0.994,108.384,1339.2
14/06/2019 00:00,1.371,6.925,0.89,0.794,0.999,108.555,1341.2
17/06/2019 00:00,1.371,6.926,0.891,0.798,0.999,108.552,1338.7
18/06/2019 00:00,1.367,6.903,0.893,0.797,1.0,108.461,1346.6
19/06/2019 00:00,1.363,6.904,0.891,0.791,0.993,108.068,1344.6
20/06/2019 00:00,1.356,6.852,0.886,0.787,0.981,107.305,1392.9
21/06/2019 00:00,1.355,6.87,0.878,0.785,0.976,107.305,1396.2
24/06/2019 00:00,1.354,6.877,0.877,0.785,0.972,107.307,1414.3
25/06/2019 00:00,1.355,6.88,0.88,0.788,0.975,107.153,1414.9
26/06/2019 00:00,1.355,6.88,0.879,0.788,0.978,107.767,1411.6
27/06/2019 00:00,1.354,6.877,0.88,0.789,0.976,107.763,1408.4
28/06/2019 00:00,1.353,6.867,0.878,0.788,0.977,107.895,1409.7
01/07/2019 00:00,1.356,6.852,0.886,0.791,0.988,108.431,1385.6
02/07/2019 00:00,1.356,6.873,0.886,0.794,0.986,107.888,1404.6
03/07/2019 00:00,1.356,6.881,0.886,0.795,0.986,107.805,1417.7
04/07/2019 00:00,1.356,6.872,0.886,0.795,0.984,107.826,1418.2
05/07/2019 00:00,1.36,6.894,0.89,0.799,0.992,108.465,1396.7
08/07/2019 00:00,1.36,6.882,0.892,0.799,0.994,108.698,1397.0
09/07/2019 00:00,1.362,6.89,0.892,0.802,0.993,108.844,1397.5
10/07/2019 00:00,1.358,6.873,0.889,0.8,0.989,108.408,1410.3
11/07/2019 00:00,1.357,6.87,0.888,0.798,0.99,108.49,1404.3
12/07/2019 00:00,1.357,6.881,0.886,0.795,0.984,108.1,1409.9
15/07/2019 00:00,1.356,6.878,0.888,0.799,0.984,107.885,1411.4
16/07/2019 00:00,1.359,6.876,0.892,0.806,0.988,108.22,1409.2
17/07/2019 00:00,1.361,6.874,0.891,0.804,0.987,107.905,1421.3
18/07/2019 00:00,1.357,6.88,0.887,0.797,0.981,107.296,1426.1
19/07/2019 00:00,1.36,6.882,0.89,0.8,0.982,107.715,1425.1
22/07/2019 00:00,1.361,6.881,0.892,0.802,0.982,107.885,1426.3
23/07/2019 00:00,1.366,6.879,0.897,0.804,0.985,108.225,1421.2
24/07/2019 00:00,1.365,6.873,0.897,0.801,0.985,108.145,1423.4
25/07/2019 00:00,1.368,6.873,0.897,0.803,0.991,108.62,1414.7
26/07/2019 00:00,1.37,6.879,0.897,0.808,0.991,108.475,1419.5
29/07/2019 00:00,1.37,6.893,0.897,0.819,0.992,108.825,1419.6
30/07/2019 00:00,1.371,6.885,0.896,0.823,0.99,108.6,1429.3
31/07/2019 00:00,1.374,6.884,0.903,0.823,0.994,108.745,1425.8
01/08/2019 00:00,1.377,6.899,0.902,0.825,0.99,107.315,1419.2
02/08/2019 00:00,1.377,6.94,0.899,0.822,0.982,106.585,1445.7
05/08/2019 00:00,1.385,7.051,0.893,0.824,0.973,105.96,1464.7
06/08/2019 00:00,1.381,7.026,0.893,0.822,0.976,106.459,1472.4
07/08/2019 00:00,1.382,7.06,0.893,0.823,0.975,106.211,1507.3
08/08/2019 00:00,1.383,7.045,0.893,0.823,0.974,105.848,1498.0
09/08/2019 00:00,1.385,7.062,0.884,0.831,0.972,105.675,1497.1
12/08/2019 00:00,1.387,7.058,0.891,0.828,0.969,105.223,1506.1
13/08/2019 00:00,1.383,7.044,0.895,0.829,0.976,106.728,1502.9
14/08/2019 00:00,1.39,7.024,0.898,0.83,0.973,105.77,1515.9
15/08/2019 00:00,1.389,7.034,0.9,0.828,0.977,106.113,1519.6
16/08/2019 00:00,1.385,7.043,0.901,0.823,0.979,106.375,1512.5
19/08/2019 00:00,1.387,7.051,0.902,0.825,0.982,106.599,1500.4
20/08/2019 00:00,1.385,7.061,0.901,0.822,0.978,106.256,1504.6
21/08/2019 00:00,1.383,7.063,0.902,0.824,0.982,106.598,1504.6
22/08/2019 00:00,1.386,7.084,0.902,0.816,0.984,106.397,1497.3
23/08/2019 00:00,1.387,7.096,0.89,0.814,0.975,105.405,1526.6
26/08/2019 00:00,1.388,7.151,0.901,0.818,0.979,106.103,1526.3
27/08/2019 00:00,1.39,7.162,0.902,0.814,0.981,105.755,1541.0
28/08/2019 00:00,1.389,7.165,0.902,0.819,0.981,106.043,1537.8
29/08/2019 00:00,1.388,7.145,0.904,0.821,0.986,106.501,1526.5
30/08/2019 00:00,1.388,7.157,0.908,0.823,0.99,106.23,1519.1
02/09/2019 00:00,1.391,7.172,0.911,0.829,0.991,106.218,1522.5
03/09/2019 00:00,1.391,7.179,0.911,0.827,0.987,105.936,1545.9
04/09/2019 00:00,1.384,7.146,0.906,0.816,0.981,106.367,1550.3
05/09/2019 00:00,1.384,7.149,0.906,0.811,0.986,106.944,1515.4
06/09/2019 00:00,1.381,7.116,0.898,0.814,0.988,106.915,1506.2
09/09/2019 00:00,1.38,7.122,0.905,0.81,0.992,107.25,1502.2
10/09/2019 00:00,1.379,7.113,0.905,0.81,0.992,107.54,1490.3
11/09/2019 00:00,1.379,7.117,0.908,0.811,0.993,107.82,1494.4
12/09/2019 00:00,1.375,7.079,0.904,0.811,0.99,108.092,1498.7
13/09/2019 00:00,1.373,7.08,0.896,0.8,0.99,107.92,1490.9
16/09/2019 00:00,1.376,7.067,0.909,0.805,0.993,108.125,1503.1
17/09/2019 00:00,1.374,7.092,0.903,0.8,0.993,108.12,1505.1
18/09/2019 00:00,1.376,7.086,0.906,0.802,0.997,108.399,1507.5
19/09/2019 00:00,1.379,7.096,0.906,0.798,0.993,108.01,1498.4
20/09/2019 00:00,1.376,7.092,0.908,0.801,0.991,107.79,1507.3
23/09/2019 00:00,1.378,7.119,0.909,0.804,0.99,107.542,1523.7
24/09/2019 00:00,1.375,7.117,0.907,0.801,0.986,107.094,1532.1
25/09/2019 00:00,1.379,7.132,0.914,0.809,0.992,107.77,1504.6
26/09/2019 00:00,1.382,7.133,0.916,0.811,0.994,107.822,1507.5
27/09/2019 00:00,1.382,7.123,0.914,0.814,0.991,107.92,1502.7
30/09/2019 00:00,1.382,7.148,0.918,0.814,0.998,108.082,1469.2
01/10/2019 00:00,1.385,7.149,0.915,0.814,0.993,107.76,1485.2
02/10/2019 00:00,1.384,7.149,0.912,0.813,0.997,107.163,1504.1
03/10/2019 00:00,1.38,7.149,0.911,0.811,0.999,106.86,1510.1
04/10/2019 00:00,1.379,7.149,0.911,0.811,0.996,106.935,1509.2
07/10/2019 00:00,1.381,7.149,0.911,0.814,0.995,107.232,1500.7
08/10/2019 00:00,1.382,7.144,0.913,0.818,0.993,107.068,1500.1
09/10/2019 00:00,1.381,7.132,0.911,0.819,0.996,107.479,1508.9
10/10/2019 00:00,1.376,7.117,0.908,0.804,0.996,107.881,1497.0
11/10/2019 00:00,1.374,7.088,0.906,0.791,0.997,108.384,1484.7
14/10/2019 00:00,1.369,7.068,0.907,0.792,0.997,108.388,1493.8
15/10/2019 00:00,1.371,7.082,0.907,0.783,0.999,108.838,1479.7
16/10/2019 00:00,1.37,7.094,0.903,0.78,0.995,108.705,1490.2
17/10/2019 00:00,1.364,7.077,0.899,0.776,0.987,108.623,1494.2
18/10/2019 00:00,1.364,7.082,0.894,0.771,0.984,108.52,1490.0
21/10/2019 00:00,1.361,7.076,0.897,0.772,0.986,108.57,1484.2
22/10/2019 00:00,1.363,7.077,0.899,0.777,0.989,108.47,1483.6
23/10/2019 00:00,1.362,7.066,0.898,0.774,0.99,108.669,1491.8
24/10/2019 00:00,1.363,7.069,0.9,0.778,0.992,108.619,1501.0
25/10/2019 00:00,1.363,7.066,0.902,0.78,0.995,108.665,1501.7
28/10/2019 00:00,1.362,7.068,0.901,0.778,0.995,108.965,1492.4
29/10/2019 00:00,1.362,7.066,0.9,0.777,0.994,108.874,1487.4
30/10/2019 00:00,1.362,7.055,0.897,0.775,0.989,108.832,1493.2
31/10/2019 00:00,1.361,7.039,0.897,0.773,0.987,108.021,1511.4
01/11/2019 00:00,1.358,7.037,0.893,0.773,0.987,108.193,1508.0
04/11/2019 00:00,1.359,7.03,0.899,0.776,0.988,108.581,1508.0
05/11/2019 00:00,1.359,7.01,0.903,0.777,0.993,109.164,1480.8
06/11/2019 00:00,1.36,6.998,0.903,0.778,0.992,108.969,1490.2
07/11/2019 00:00,1.358,6.978,0.905,0.78,0.995,109.315,1464.2
08/11/2019 00:00,1.359,6.996,0.908,0.783,0.997,109.247,1461.3
11/11/2019 00:00,1.361,7.011,0.906,0.778,0.993,109.046,1455.5
12/11/2019 00:00,1.362,7.008,0.908,0.778,0.993,108.97,1452.1
13/11/2019 00:00,1.363,7.024,0.908,0.778,0.99,108.795,1461.7
14/11/2019 00:00,1.362,7.021,0.907,0.776,0.988,108.402,1471.8
15/11/2019 00:00,1.36,7.008,0.905,0.775,0.99,108.774,1467.3
18/11/2019 00:00,1.36,7.026,0.903,0.772,0.989,108.659,1470.9
19/11/2019 00:00,1.361,7.028,0.903,0.774,0.991,108.541,1473.3
20/11/2019 00:00,1.362,7.036,0.903,0.774,0.991,108.455,1473.3
21/11/2019 00:00,1.363,7.029,0.904,0.775,0.993,108.607,1463.1
22/11/2019 00:00,1.365,7.039,0.907,0.779,0.997,108.639,1463.1
25/11/2019 00:00,1.365,7.036,0.908,0.775,0.997,108.95,1456.6
26/11/2019 00:00,1.364,7.034,0.907,0.777,0.997,109.05,1459.8
27/11/2019 00:00,1.365,7.029,0.909,0.773,0.999,109.534,1453.4
28/11/2019 00:00,1.366,7.035,0.908,0.774,0.998,109.52,1455.3
29/11/2019 00:00,1.368,7.028,0.908,0.773,1.0,109.504,1465.6
02/12/2019 00:00,1.366,7.039,0.903,0.773,0.991,109.021,1462.3
03/12/2019 00:00,1.364,7.061,0.902,0.77,0.987,108.652,1478.2
04/12/2019 00:00,1.363,7.049,0.903,0.763,0.989,108.851,1474.0
05/12/2019 00:00,1.361,7.045,0.9,0.76,0.987,108.735,1476.9
06/12/2019 00:00,1.361,7.035,0.904,0.761,0.991,108.589,1459.1
09/12/2019 00:00,1.36,7.039,0.904,0.761,0.988,108.581,1459.3
10/12/2019 00:00,1.359,7.034,0.902,0.762,0.984,108.79,1462.6
11/12/2019 00:00,1.357,7.039,0.898,0.758,0.982,108.556,1469.4
12/12/2019 00:00,1.354,7.021,0.894,0.74,0.985,109.452,1466.7
13/12/2019 00:00,1.354,6.973,0.899,0.75,0.985,109.366,1475.6
16/12/2019 00:00,1.355,6.982,0.897,0.751,0.983,109.577,1475.0
17/12/2019 00:00,1.355,6.997,0.897,0.762,0.98,109.52,1474.6
18/12/2019 00:00,1.355,7.005,0.9,0.765,0.981,109.574,1472.6
19/12/2019 00:00,1.355,7.01,0.899,0.769,0.978,109.381,1478.2
20/12/2019 00:00,1.355,7.007,0.903,0.769,0.983,109.45,1474.7
23/12/2019 00:00,1.356,7.013,0.902,0.773,0.982,109.398,1482.5
24/12/2019 00:00,1.356,7.007,0.901,0.773,0.981,109.395,1499.1
27/12/2019 00:00,1.353,6.996,0.895,0.765,0.975,109.44,1513.8
30/12/2019 00:00,1.349,6.987,0.893,0.762,0.969,108.885,1514.5
31/12/2019 00:00,1.346,6.963,0.891,0.754,0.973,108.698,1519.5
02/01/2020 00:00,1.347,6.964,0.895,0.761,0.969,108.549,1524.5
03/01/2020 00:00,1.35,6.966,0.896,0.765,0.973,108.12,1549.2
06/01/2020 00:00,1.349,6.976,0.893,0.759,0.968,108.388,1566.2
07/01/2020 00:00,1.351,6.945,0.897,0.762,0.971,108.48,1571.8
08/01/2020 00:00,1.351,6.946,0.9,0.763,0.974,109.111,1557.4
09/01/2020 00:00,1.351,6.953,0.9,0.765,0.973,109.507,1551.7
10/01/2020 00:00,1.349,6.92,0.899,0.766,0.972,109.48,1557.5
13/01/2020 00:00,1.347,6.894,0.898,0.77,0.971,109.93,1548.4
14/01/2020 00:00,1.347,6.901,0.899,0.768,0.967,109.99,1542.4
15/01/2020 00:00,1.346,6.891,0.897,0.766,0.964,109.875,1552.1
16/01/2020 00:00,1.347,6.879,0.898,0.765,0.965,110.165,1549.0
17/01/2020 00:00,1.347,6.86,0.902,0.77,0.968,110.14,1558.8
20/01/2020 00:00,1.347,6.867,0.901,0.769,0.968,110.167,1558.4
21/01/2020 00:00,1.349,6.906,0.902,0.766,0.969,109.861,1556.4
22/01/2020 00:00,1.349,6.907,0.901,0.761,0.968,109.825,1555.3
23/01/2020 00:00,1.351,6.937,0.905,0.762,0.969,109.528,1564.6
24/01/2020 00:00,1.352,6.937,0.907,0.765,0.971,109.278,1571.1
27/01/2020 00:00,1.358,6.937,0.908,0.766,0.97,108.906,1576.8
28/01/2020 00:00,1.358,6.937,0.907,0.768,0.973,109.225,1569.2
29/01/2020 00:00,1.361,6.937,0.908,0.768,0.974,109.031,1569.8
30/01/2020 00:00,1.362,6.937,0.906,0.764,0.97,108.93,1583.5
31/01/2020 00:00,1.365,6.937,0.901,0.757,0.963,108.36,1582.9
03/02/2020 00:00,1.369,7.022,0.904,0.769,0.966,108.651,1577.2
04/02/2020 00:00,1.37,6.998,0.905,0.767,0.969,109.465,1550.4
05/02/2020 00:00,1.382,6.973,0.909,0.769,0.974,109.808,1557.8
06/02/2020 00:00,1.386,6.971,0.911,0.774,0.975,109.99,1565.1
07/02/2020 00:00,1.389,7.002,0.913,0.776,0.978,109.675,1568.6
10/02/2020 00:00,1.39,6.984,0.916,0.774,0.977,109.779,1574.7
11/02/2020 00:00,1.386,6.966,0.916,0.772,0.976,109.787,1565.6
12/02/2020 00:00,1.387,6.972,0.92,0.772,0.978,110.081,1567.4
13/02/2020 00:00,1.389,6.977,0.922,0.767,0.979,109.819,1575.1
14/02/2020 00:00,1.392,6.987,0.923,0.767,0.982,109.763,1582.7
17/02/2020 00:00,1.389,6.981,0.923,0.769,0.981,109.825,1581.4
18/02/2020 00:00,1.393,6.997,0.926,0.769,0.983,109.865,1600.0
19/02/2020 00:00,1.394,6.998,0.925,0.774,0.984,111.274,1607.5
20/02/2020 00:00,1.401,7.023,0.927,0.776,0.984,112.053,1616.6
21/02/2020 00:00,1.399,7.027,0.922,0.772,0.978,111.708,1644.6
24/02/2020 00:00,1.4,7.029,0.921,0.774,0.979,110.682,1672.4
25/02/2020 00:00,1.399,7.037,0.919,0.769,0.976,110.202,1646.9
26/02/2020 00:00,1.397,7.041,0.919,0.775,0.977,110.4,1640.0
27/02/2020 00:00,1.396,7.005,0.909,0.776,0.968,109.51,1640.0
28/02/2020 00:00,1.393,6.992,0.907,0.78,0.965,108.089,1564.1
02/03/2020 00:00,1.39,7.001,0.898,0.784,0.959,108.337,1592.3
03/03/2020 00:00,1.388,6.962,0.895,0.781,0.957,107.177,1642.1
04/03/2020 00:00,1.385,6.926,0.898,0.777,0.957,107.579,1641.1
05/03/2020 00:00,1.383,6.937,0.89,0.772,0.946,106.141,1666.4
06/03/2020 00:00,1.379,6.932,0.886,0.766,0.938,105.374,1670.8
09/03/2020 00:00,1.384,6.947,0.873,0.763,0.926,102.26,1674.5
10/03/2020 00:00,1.392,6.957,0.884,0.775,0.938,105.125,1659.1
11/03/2020 00:00,1.396,6.961,0.888,0.78,0.939,104.67,1641.4
12/03/2020 00:00,1.41,7.03,0.894,0.795,0.945,104.835,1589.3
13/03/2020 00:00,1.415,7.008,0.897,0.815,0.951,107.615,1515.7
16/03/2020 00:00,1.421,6.994,0.895,0.815,0.947,106.22,1485.9
17/03/2020 00:00,1.431,7.007,0.908,0.829,0.96,107.26,1524.9
18/03/2020 00:00,1.443,7.048,0.917,0.861,0.968,108.045,1477.3
19/03/2020 00:00,1.452,7.109,0.938,0.874,0.989,110.84,1478.6
20/03/2020 00:00,1.45,7.096,0.929,0.858,0.987,111.03,1484.0
23/03/2020 00:00,1.46,7.089,0.932,0.868,0.984,111.259,1567.0
24/03/2020 00:00,1.446,7.063,0.926,0.848,0.981,111.135,1660.2
25/03/2020 00:00,1.448,7.114,0.919,0.845,0.977,111.025,1632.3
26/03/2020 00:00,1.431,7.074,0.906,0.824,0.963,109.34,1650.1
27/03/2020 00:00,1.427,7.096,0.895,0.803,0.951,107.933,1623.9
30/03/2020 00:00,1.424,7.098,0.905,0.807,0.959,107.832,1622.0
31/03/2020 00:00,1.421,7.084,0.906,0.805,0.961,107.558,1583.4
01/04/2020 00:00,1.436,7.1,0.914,0.807,0.966,107.165,1578.2
02/04/2020 00:00,1.43,7.088,0.921,0.806,0.973,107.843,1625.7
03/04/2020 00:00,1.438,7.09,0.925,0.815,0.977,108.485,1633.7
06/04/2020 00:00,1.432,7.092,0.926,0.818,0.978,109.223,1677.0
07/04/2020 00:00,1.424,7.046,0.918,0.811,0.97,108.784,1664.8
08/04/2020 00:00,1.426,7.066,0.921,0.807,0.972,108.842,1665.4
09/04/2020 00:00,1.417,7.043,0.915,0.803,0.966,108.453,1736.2
14/04/2020 00:00,1.413,7.049,0.91,0.792,0.96,107.176,1756.7
15/04/2020 00:00,1.424,7.068,0.917,0.798,0.965,107.355,1727.2
16/04/2020 00:00,1.427,7.08,0.921,0.801,0.969,108.035,1720.4
17/04/2020 00:00,1.422,7.073,0.919,0.799,0.967,107.525,1689.2
20/04/2020 00:00,1.421,7.074,0.92,0.804,0.968,107.611,1701.6
21/04/2020 00:00,1.432,7.072,0.921,0.813,0.969,107.715,1678.2
22/04/2020 00:00,1.427,7.084,0.924,0.811,0.972,107.773,1728.7
23/04/2020 00:00,1.423,7.067,0.928,0.81,0.976,107.611,1733.3
24/04/2020 00:00,1.424,7.082,0.924,0.808,0.973,107.515,1723.5
27/04/2020 00:00,1.418,7.086,0.923,0.805,0.975,107.254,1711.9
28/04/2020 00:00,1.417,7.08,0.924,0.805,0.975,106.87,1710.5
29/04/2020 00:00,1.412,7.077,0.92,0.801,0.975,106.628,1703.4
30/04/2020 00:00,1.409,7.062,0.913,0.794,0.966,107.16,1684.2
04/05/2020 00:00,1.417,7.063,0.917,0.804,0.966,106.751,1706.9
05/05/2020 00:00,1.416,7.063,0.922,0.804,0.973,106.555,1704.4
06/05/2020 00:00,1.421,7.105,0.926,0.81,0.975,106.094,1684.2
07/05/2020 00:00,1.415,7.085,0.923,0.809,0.973,106.312,1721.8
08/05/2020 00:00,1.413,7.074,0.913,0.806,0.971,106.67,1709.9
11/05/2020 00:00,1.417,7.099,0.925,0.811,0.973,107.655,1695.3
12/05/2020 00:00,1.418,7.083,0.922,0.815,0.97,107.161,1704.4
13/05/2020 00:00,1.42,7.092,0.924,0.817,0.972,107.059,1713.9
14/05/2020 00:00,1.423,7.096,0.925,0.818,0.973,107.232,1738.1
15/05/2020 00:00,1.429,7.102,0.925,0.826,0.972,107.07,1753.4
18/05/2020 00:00,1.418,7.109,0.916,0.82,0.972,107.316,1731.8
19/05/2020 00:00,1.417,7.099,0.916,0.817,0.971,107.7,1744.2
20/05/2020 00:00,1.413,7.094,0.911,0.817,0.965,107.549,1750.6
21/05/2020 00:00,1.417,7.115,0.914,0.818,0.971,107.644,1720.5
22/05/2020 00:00,1.425,7.13,0.918,0.821,0.971,107.637,1734.6
25/05/2020 00:00,1.424,7.137,0.918,0.821,0.972,107.708,1726.4
26/05/2020 00:00,1.416,7.135,0.911,0.811,0.966,107.543,1704.8
27/05/2020 00:00,1.42,7.169,0.908,0.816,0.968,107.7,1710.3
28/05/2020 00:00,1.417,7.146,0.902,0.812,0.964,107.62,1713.3
29/05/2020 00:00,1.413,7.137,0.901,0.81,0.962,107.8,1736.9
01/06/2020 00:00,1.408,7.128,0.898,0.801,0.961,107.625,1737.8
02/06/2020 00:00,1.401,7.101,0.895,0.797,0.962,108.673,1725.2
03/06/2020 00:00,1.397,7.116,0.89,0.795,0.961,108.914,1697.8
04/06/2020 00:00,1.398,7.11,0.882,0.794,0.956,109.116,1718.9
05/06/2020 00:00,1.393,7.082,0.886,0.79,0.963,109.6,1676.2
08/06/2020 00:00,1.389,7.072,0.886,0.786,0.957,108.405,1698.3
09/06/2020 00:00,1.39,7.077,0.882,0.786,0.951,107.752,1714.7
10/06/2020 00:00,1.383,7.061,0.879,0.785,0.944,107.114,1713.3
11/06/2020 00:00,1.392,7.065,0.885,0.794,0.944,106.819,1732.0
12/06/2020 00:00,1.393,7.083,0.888,0.797,0.952,107.36,1729.3
15/06/2020 00:00,1.391,7.092,0.883,0.793,0.949,107.349,1720.3
16/06/2020 00:00,1.395,7.087,0.888,0.796,0.951,107.321,1729.6
17/06/2020 00:00,1.394,7.085,0.889,0.797,0.949,107.012,1729.2
18/06/2020 00:00,1.395,7.089,0.893,0.805,0.952,106.963,1724.8
19/06/2020 00:00,1.397,7.072,0.895,0.81,0.952,106.865,1745.9
22/06/2020 00:00,1.393,7.068,0.888,0.802,0.947,106.92,1756.7
23/06/2020 00:00,1.39,7.058,0.884,0.799,0.945,106.491,1772.1
24/06/2020 00:00,1.393,7.078,0.888,0.805,0.948,107.043,1765.8
25/06/2020 00:00,1.392,7.078,0.892,0.805,0.949,107.207,1762.1
26/06/2020 00:00,1.393,7.078,0.891,0.81,0.948,107.226,1772.5
29/06/2020 00:00,1.394,7.081,0.89,0.813,0.951,107.572,1774.8
30/06/2020 00:00,1.394,7.066,0.89,0.807,0.948,107.955,1793.0
01/07/2020 00:00,1.394,7.071,0.889,0.801,0.946,107.466,1773.2
02/07/2020 00:00,1.395,7.067,0.89,0.802,0.946,107.538,1784.0
03/07/2020 00:00,1.395,7.066,0.889,0.802,0.945,107.515,1781.8
06/07/2020 00:00,1.392,7.019,0.884,0.801,0.942,107.38,1788.5
07/07/2020 00:00,1.395,7.013,0.887,0.797,0.943,107.548,1804.2
08/07/2020 00:00,1.392,7.005,0.882,0.793,0.939,107.289,1815.5
09/07/2020 00:00,1.393,6.994,0.886,0.793,0.94,107.237,1799.2
10/07/2020 00:00,1.391,7.002,0.885,0.792,0.941,106.925,1798.2
13/07/2020 00:00,1.39,6.998,0.881,0.796,0.942,107.272,1811.0
14/07/2020 00:00,1.392,7.008,0.877,0.797,0.94,107.256,1810.6
15/07/2020 00:00,1.389,6.989,0.876,0.794,0.945,106.935,1811.4
16/07/2020 00:00,1.392,6.989,0.879,0.797,0.945,107.287,1798.7
17/07/2020 00:00,1.39,6.992,0.875,0.796,0.939,107.045,1808.3
20/07/2020 00:00,1.389,6.984,0.874,0.79,0.939,107.24,1815.9
21/07/2020 00:00,1.383,6.981,0.867,0.786,0.933,106.805,1842.4
22/07/2020 00:00,1.385,7.0,0.864,0.785,0.93,107.166,1864.1
23/07/2020 00:00,1.386,7.004,0.862,0.785,0.926,106.823,1889.1
24/07/2020 00:00,1.383,7.017,0.858,0.782,0.921,105.978,1897.3
27/07/2020 00:00,1.379,6.996,0.851,0.776,0.92,105.376,1931.0
28/07/2020 00:00,1.379,7.001,0.853,0.773,0.918,105.086,1944.7
29/07/2020 00:00,1.374,7.002,0.848,0.769,0.913,104.947,1953.5
30/07/2020 00:00,1.373,7.009,0.844,0.764,0.909,104.796,1942.3
31/07/2020 00:00,1.374,6.975,0.849,0.764,0.913,105.835,1962.8
03/08/2020 00:00,1.377,6.981,0.85,0.765,0.918,105.981,1966.0
04/08/2020 00:00,1.374,6.973,0.848,0.765,0.913,105.714,2001.2
05/08/2020 00:00,1.369,6.936,0.843,0.762,0.908,105.568,2031.1
06/08/2020 00:00,1.369,6.953,0.842,0.761,0.91,105.52,2051.5
07/08/2020 00:00,1.373,6.968,0.848,0.766,0.913,105.92,2010.1
10/08/2020 00:00,1.373,6.962,0.852,0.765,0.915,105.937,2024.4
11/08/2020 00:00,1.373,6.946,0.851,0.766,0.917,106.531,1932.6
12/08/2020 00:00,1.372,6.937,0.849,0.767,0.912,106.878,1934.9
13/08/2020 00:00,1.372,6.945,0.846,0.766,0.91,106.937,1945.0
14/08/2020 00:00,1.371,6.95,0.844,0.764,0.909,106.53,1937.0
17/08/2020 00:00,1.368,6.933,0.842,0.763,0.906,106.05,1985.0
18/08/2020 00:00,1.365,6.922,0.838,0.755,0.903,105.425,1999.4
19/08/2020 00:00,1.37,6.921,0.844,0.763,0.915,106.055,1958.7
20/08/2020 00:00,1.367,6.916,0.843,0.757,0.908,105.801,1933.8
21/08/2020 00:00,1.371,6.92,0.848,0.764,0.912,105.805,1934.6
24/08/2020 00:00,1.371,6.92,0.848,0.765,0.912,105.987,1927.7
25/08/2020 00:00,1.369,6.913,0.845,0.761,0.908,106.381,1911.8
26/08/2020 00:00,1.366,6.886,0.845,0.757,0.908,105.985,1940.7
27/08/2020 00:00,1.366,6.89,0.846,0.758,0.909,106.545,1921.6
28/08/2020 00:00,1.359,6.865,0.84,0.749,0.904,105.365,1964.6
31/08/2020 00:00,1.36,6.848,0.838,0.748,0.903,105.909,1967.6
01/09/2020 00:00,1.362,6.828,0.839,0.747,0.909,105.949,1968.2
02/09/2020 00:00,1.363,6.839,0.843,0.749,0.911,106.184,1934.4
03/09/2020 00:00,1.365,6.847,0.844,0.753,0.909,106.161,1927.6
04/09/2020 00:00,1.365,6.843,0.845,0.753,0.913,106.24,1923.9
07/09/2020 00:00,1.366,6.831,0.846,0.76,0.916,106.288,1931.4
08/09/2020 00:00,1.37,6.847,0.849,0.771,0.918,105.955,1933.0
09/09/2020 00:00,1.367,6.833,0.847,0.769,0.913,106.2,1944.7
10/09/2020 00:00,1.37,6.835,0.846,0.781,0.91,106.136,1954.2
11/09/2020 00:00,1.368,6.834,0.844,0.781,0.909,106.155,1937.8
14/09/2020 00:00,1.365,6.811,0.843,0.778,0.908,105.712,1953.1
15/09/2020 00:00,1.361,6.782,0.844,0.776,0.908,105.429,1956.3
16/09/2020 00:00,1.358,6.755,0.846,0.771,0.91,104.955,1960.2
17/09/2020 00:00,1.358,6.765,0.844,0.771,0.908,104.752,1940.0
18/09/2020 00:00,1.36,6.769,0.845,0.774,0.912,104.56,1952.1
21/09/2020 00:00,1.362,6.805,0.85,0.78,0.914,104.684,1901.2
22/09/2020 00:00,1.366,6.78,0.854,0.785,0.92,104.93,1898.6
23/09/2020 00:00,1.373,6.81,0.858,0.786,0.924,105.339,1859.9
24/09/2020 00:00,1.376,6.829,0.857,0.784,0.927,105.415,1868.3
25/09/2020 00:00,1.378,6.824,0.86,0.785,0.929,105.568,1857.7
28/09/2020 00:00,1.373,6.812,0.857,0.779,0.925,105.509,1872.8
29/09/2020 00:00,1.369,6.817,0.852,0.778,0.92,105.653,1894.3
30/09/2020 00:00,1.365,6.791,0.853,0.774,0.921,105.445,1887.5
01/10/2020 00:00,1.363,6.79,0.851,0.776,0.919,105.55,1908.4
02/10/2020 00:00,1.364,6.791,0.854,0.773,0.921,105.34,1900.2
05/10/2020 00:00,1.361,6.791,0.849,0.771,0.916,105.735,1912.5
06/10/2020 00:00,1.363,6.791,0.852,0.777,0.918,105.625,1901.1
07/10/2020 00:00,1.359,6.791,0.85,0.774,0.917,105.964,1883.6
08/10/2020 00:00,1.358,6.79,0.85,0.773,0.917,106.023,1888.6
09/10/2020 00:00,1.355,6.695,0.846,0.766,0.91,105.635,1919.5
12/10/2020 00:00,1.357,6.746,0.847,0.765,0.909,105.348,1922.5
13/10/2020 00:00,1.36,6.747,0.851,0.773,0.915,105.495,1888.5
14/10/2020 00:00,1.357,6.715,0.851,0.768,0.913,105.129,1901.3
15/10/2020 00:00,1.361,6.725,0.854,0.775,0.914,105.415,1903.2
16/10/2020 00:00,1.359,6.698,0.854,0.774,0.915,105.395,1900.8
19/10/2020 00:00,1.358,6.682,0.85,0.773,0.911,105.434,1906.4
20/10/2020 00:00,1.357,6.677,0.846,0.773,0.907,105.482,1910.4
21/10/2020 00:00,1.355,6.651,0.843,0.761,0.905,104.562,1924.6
22/10/2020 00:00,1.357,6.685,0.846,0.764,0.907,104.858,1901.1
23/10/2020 00:00,1.358,6.687,0.843,0.767,0.904,104.74,1902.0
26/10/2020 00:00,1.361,6.712,0.847,0.768,0.908,104.87,1902.7
27/10/2020 00:00,1.362,6.706,0.849,0.768,0.91,104.515,1908.8
28/10/2020 00:00,1.365,6.729,0.851,0.77,0.91,104.303,1876.2
29/10/2020 00:00,1.367,6.715,0.857,0.774,0.916,104.61,1865.6
30/10/2020 00:00,1.366,6.693,0.856,0.773,0.917,104.665,1877.4
02/11/2020 00:00,1.365,6.692,0.859,0.774,0.919,104.753,1890.4
03/11/2020 00:00,1.36,6.678,0.853,0.765,0.913,104.58,1908.5
04/11/2020 00:00,1.359,6.654,0.853,0.771,0.912,104.489,1894.6
05/11/2020 00:00,1.35,6.606,0.845,0.76,0.905,103.54,1945.3
06/11/2020 00:00,1.348,6.611,0.842,0.76,0.9,103.345,1950.3
09/11/2020 00:00,1.348,6.63,0.846,0.76,0.914,105.287,1853.2
10/11/2020 00:00,1.348,6.616,0.846,0.754,0.915,105.265,1877.1
11/11/2020 00:00,1.349,6.632,0.849,0.756,0.917,105.432,1863.4
12/11/2020 00:00,1.35,6.612,0.847,0.762,0.915,105.12,1875.3
13/11/2020 00:00,1.348,6.606,0.845,0.758,0.913,104.615,1887.0
16/11/2020 00:00,1.345,6.585,0.843,0.758,0.913,104.585,1889.2
17/11/2020 00:00,1.342,6.557,0.843,0.754,0.911,104.183,1886.1
18/11/2020 00:00,1.342,6.561,0.844,0.754,0.912,103.79,1874.7
19/11/2020 00:00,1.345,6.584,0.842,0.754,0.911,103.789,1862.7
20/11/2020 00:00,1.343,6.563,0.843,0.753,0.911,103.84,1874.3
23/11/2020 00:00,1.345,6.586,0.845,0.751,0.913,104.487,1840.1
24/11/2020 00:00,1.342,6.592,0.841,0.749,0.911,104.485,1806.9
25/11/2020 00:00,1.34,6.579,0.839,0.747,0.908,104.452,1805.7
26/11/2020 00:00,1.339,6.576,0.84,0.749,0.907,104.248,1805.7
27/11/2020 00:00,1.338,6.577,0.836,0.751,0.905,104.08,1808.0
30/11/2020 00:00,1.341,6.579,0.838,0.75,0.908,104.312,1778.2
01/12/2020 00:00,1.338,6.572,0.828,0.745,0.9,104.31,1815.2
02/12/2020 00:00,1.338,6.563,0.826,0.748,0.895,104.433,1826.9
03/12/2020 00:00,1.334,6.543,0.823,0.743,0.891,103.85,1837.8
04/12/2020 00:00,1.335,6.532,0.825,0.744,0.892,104.16,1836.6
07/12/2020 00:00,1.337,6.53,0.826,0.748,0.891,104.04,1862.0
08/12/2020 00:00,1.338,6.533,0.826,0.749,0.889,104.15,1870.4
09/12/2020 00:00,1.338,6.543,0.828,0.748,0.89,104.272,1836.4
10/12/2020 00:00,1.336,6.546,0.824,0.752,0.886,104.237,1833.8
11/12/2020 00:00,1.337,6.547,0.826,0.756,0.89,104.02,1839.5
14/12/2020 00:00,1.335,6.551,0.823,0.75,0.887,104.016,1828.9
15/12/2020 00:00,1.333,6.539,0.823,0.743,0.886,103.686,1852.2
16/12/2020 00:00,1.33,6.533,0.82,0.741,0.885,103.443,1855.5
17/12/2020 00:00,1.326,6.533,0.815,0.736,0.884,103.115,1885.4
18/12/2020 00:00,1.327,6.537,0.816,0.739,0.883,103.32,1883.7
21/12/2020 00:00,1.332,6.55,0.817,0.743,0.886,103.335,1878.3
22/12/2020 00:00,1.336,6.543,0.822,0.748,0.89,103.64,1865.9
23/12/2020 00:00,1.331,6.541,0.82,0.74,0.889,103.536,1874.0
24/12/2020 00:00,1.329,6.53,0.821,0.737,0.891,103.67,1874.0
28/12/2020 00:00,1.33,6.537,0.819,0.743,0.889,103.795,1874.0
29/12/2020 00:00,1.327,6.531,0.816,0.741,0.884,103.56,1878.7
30/12/2020 00:00,1.323,6.523,0.813,0.734,0.881,103.203,1889.0
31/12/2020 00:00,1.322,6.528,0.817,0.731,0.884,103.226,1891.6
04/01/2021 00:00,1.32,6.462,0.816,0.737,0.882,103.112,1942.4
05/01/2021 00:00,1.318,6.457,0.813,0.734,0.878,102.739,1951.6
06/01/2021 00:00,1.318,6.462,0.811,0.734,0.879,103.034,1907.4
07/01/2021 00:00,1.325,6.478,0.815,0.737,0.885,103.839,1913.1
08/01/2021 00:00,1.325,6.475,0.818,0.737,0.885,103.925,1835.7
11/01/2021 00:00,1.331,6.481,0.823,0.74,0.89,104.218,1851.0
12/01/2021 00:00,1.323,6.464,0.82,0.732,0.887,103.775,1844.3
13/01/2021 00:00,1.326,6.468,0.823,0.733,0.888,103.88,1855.5
14/01/2021 00:00,1.324,6.475,0.823,0.731,0.888,103.818,1853.0
15/01/2021 00:00,1.33,6.481,0.828,0.736,0.891,103.88,1830.1
18/01/2021 00:00,1.331,6.493,0.828,0.736,0.891,103.703,1830.1
19/01/2021 00:00,1.329,6.48,0.825,0.734,0.889,103.921,1841.0
20/01/2021 00:00,1.325,6.467,0.826,0.732,0.889,103.565,1866.6
21/01/2021 00:00,1.323,6.462,0.822,0.728,0.885,103.516,1866.3
22/01/2021 00:00,1.329,6.482,0.821,0.731,0.885,103.76,1856.6
25/01/2021 00:00,1.328,6.48,0.824,0.731,0.889,103.772,1856.3
26/01/2021 00:00,1.325,6.465,0.822,0.728,0.887,103.639,1852.2
27/01/2021 00:00,1.328,6.484,0.826,0.731,0.889,104.085,1846.6
28/01/2021 00:00,1.328,6.45,0.825,0.728,0.888,104.245,1839.6
29/01/2021 00:00,1.328,6.428,0.824,0.729,0.891,104.717,1848.7
01/02/2021 00:00,1.333,6.468,0.829,0.732,0.897,104.952,1861.8
02/02/2021 00:00,1.332,6.458,0.83,0.732,0.898,104.98,1833.1
03/02/2021 00:00,1.333,6.46,0.831,0.733,0.899,105.028,1833.9
04/02/2021 00:00,1.337,6.472,0.836,0.732,0.904,105.54,1791.3
05/02/2021 00:00,1.335,6.467,0.83,0.728,0.899,105.375,1812.1
08/02/2021 00:00,1.333,6.449,0.83,0.728,0.899,105.235,1832.9
09/02/2021 00:00,1.326,6.435,0.825,0.724,0.893,104.595,1836.5
10/02/2021 00:00,1.326,6.458,0.825,0.723,0.89,104.622,1842.225
11/02/2021 00:00,1.325,6.458,0.824,0.724,0.89,104.753,1826.575
12/02/2021 00:00,1.325,6.458,0.825,0.722,0.892,104.925,1822.45
15/02/2021 00:00,1.323,6.458,0.824,0.719,0.89,105.347,1818.85
16/02/2021 00:00,1.328,6.458,0.826,0.719,0.893,106.065,1794.45
17/02/2021 00:00,1.328,6.459,0.83,0.722,0.899,105.877,1775.725
18/02/2021 00:00,1.327,6.488,0.827,0.716,0.896,105.698,1776.25
19/02/2021 00:00,1.325,6.487,0.825,0.714,0.897,105.38,1782.575
22/02/2021 00:00,1.322,6.465,0.822,0.711,0.896,105.07,1807.95
23/02/2021 00:00,1.32,6.467,0.823,0.709,0.905,105.241,1804.825
24/02/2021 00:00,1.319,6.458,0.822,0.707,0.907,105.885,1803.625
25/02/2021 00:00,1.326,6.455,0.821,0.713,0.905,106.224,1773.3
26/02/2021 00:00,1.332,6.475,0.828,0.718,0.908,106.59,1732.9
01/03/2021 00:00,1.328,6.466,0.83,0.718,0.914,106.764,1725.7
02/03/2021 00:00,1.33,6.471,0.827,0.717,0.915,106.71,1735.85
03/03/2021 00:00,1.332,6.468,0.829,0.717,0.92,107.0,1714.2
04/03/2021 00:00,1.337,6.47,0.835,0.72,0.929,107.981,1699.59
05/03/2021 00:00,1.344,6.497,0.839,0.723,0.931,108.42,1701.2
08/03/2021 00:00,1.351,6.526,0.844,0.724,0.937,108.915,1681.3
09/03/2021 00:00,1.343,6.507,0.84,0.72,0.927,108.523,1717.105
10/03/2021 00:00,1.343,6.506,0.838,0.718,0.93,108.414,1725.325
11/03/2021 00:00,1.34,6.494,0.834,0.715,0.925,108.536,1723.478
12/03/2021 00:00,1.345,6.509,0.837,0.718,0.93,109.025,1724.772
15/03/2021 00:00,1.345,6.5,0.838,0.719,0.928,109.13,1731.6
16/03/2021 00:00,1.345,6.506,0.84,0.719,0.925,109.003,1730.6
17/03/2021 00:00,1.34,6.504,0.835,0.716,0.923,108.83,1745.1
18/03/2021 00:00,1.344,6.506,0.839,0.718,0.927,108.947,1734.2
19/03/2021 00:00,1.342,6.509,0.837,0.721,0.929,108.855,1743.95
22/03/2021 00:00,1.341,6.508,0.838,0.722,0.923,108.81,1738.8
23/03/2021 00:00,1.345,6.516,0.844,0.727,0.934,108.62,1728.0
24/03/2021 00:00,1.346,6.525,0.847,0.731,0.936,108.733,1734.965
25/03/2021 00:00,1.348,6.546,0.85,0.728,0.94,109.155,1727.4
26/03/2021 00:00,1.345,6.542,0.846,0.725,0.939,109.59,1732.695
29/03/2021 00:00,1.347,6.57,0.85,0.727,0.939,109.82,1710.945
30/03/2021 00:00,1.348,6.572,0.853,0.728,0.942,110.348,1683.47
31/03/2021 00:00,1.345,6.553,0.853,0.726,0.944,110.718,1707.9
01/04/2021 00:00,1.345,6.565,0.849,0.723,0.942,110.607,1729.53
06/04/2021 00:00,1.34,6.54,0.842,0.723,0.931,109.81,1743.5
07/04/2021 00:00,1.341,6.543,0.843,0.728,0.93,109.835,1736.71
08/04/2021 00:00,1.34,6.551,0.839,0.728,0.924,109.276,1756.469
09/04/2021 00:00,1.342,6.553,0.84,0.73,0.925,109.665,1742.975
12/04/2021 00:00,1.341,6.549,0.839,0.728,0.922,109.398,1732.345
13/04/2021 00:00,1.341,6.544,0.837,0.727,0.921,109.06,1745.685
14/04/2021 00:00,1.336,6.53,0.835,0.726,0.923,108.948,1737.095
15/04/2021 00:00,1.335,6.523,0.835,0.725,0.922,108.757,1764.18
16/04/2021 00:00,1.334,6.521,0.834,0.723,0.92,108.815,1775.94
19/04/2021 00:00,1.33,6.51,0.831,0.715,0.915,108.16,1770.525
20/04/2021 00:00,1.329,6.5,0.831,0.717,0.916,108.078,1779.265
21/04/2021 00:00,1.329,6.491,0.831,0.718,0.917,108.075,1794.19
22/04/2021 00:00,1.329,6.491,0.832,0.723,0.917,107.959,1783.425
23/04/2021 00:00,1.327,6.495,0.826,0.721,0.914,107.88,1776.664
26/04/2021 00:00,1.326,6.486,0.827,0.72,0.914,108.125,1781.3
27/04/2021 00:00,1.326,6.483,0.827,0.719,0.914,108.693,1776.115
28/04/2021 00:00,1.325,6.479,0.825,0.718,0.91,108.602,1782.15
29/04/2021 00:00,1.327,6.472,0.825,0.717,0.909,108.94,1772.55
30/04/2021 00:00,1.331,6.475,0.832,0.724,0.913,109.29,1768.72
03/05/2021 00:00,1.329,6.474,0.829,0.719,0.911,109.088,1792.985
04/05/2021 00:00,1.337,6.474,0.833,0.72,0.914,109.314,1779.33
05/05/2021 00:00,1.336,6.474,0.833,0.719,0.913,109.196,1787.47
06/05/2021 00:00,1.333,6.464,0.829,0.72,0.908,109.095,1815.37
07/05/2021 00:00,1.325,6.433,0.822,0.716,0.901,108.59,1830.525
10/05/2021 00:00,1.326,6.417,0.824,0.708,0.901,108.852,1836.355
11/05/2021 00:00,1.326,6.429,0.823,0.707,0.904,108.631,1837.125
12/05/2021 00:00,1.334,6.457,0.828,0.711,0.909,109.666,1815.05
13/05/2021 00:00,1.334,6.452,0.828,0.712,0.906,109.443,1826.85
14/05/2021 00:00,1.332,6.437,0.823,0.709,0.902,109.36,1843.235
17/05/2021 00:00,1.336,6.439,0.823,0.707,0.903,109.205,1866.09
18/05/2021 00:00,1.33,6.425,0.818,0.705,0.897,108.888,1869.8
19/05/2021 00:00,1.335,6.435,0.821,0.709,0.903,109.194,1869.915
20/05/2021 00:00,1.331,6.435,0.818,0.705,0.897,108.76,1877.325
21/05/2021 00:00,1.331,6.434,0.821,0.707,0.898,108.94,1880.82
24/05/2021 00:00,1.328,6.419,0.819,0.706,0.897,108.765,1882.77
25/05/2021 00:00,1.326,6.411,0.816,0.707,0.895,108.778,1899.805
26/05/2021 00:00,1.324,6.392,0.82,0.708,0.898,109.14,1896.38
27/05/2021 00:00,1.324,6.383,0.82,0.704,0.897,109.834,1897.32
28/05/2021 00:00,1.323,6.368,0.82,0.704,0.9,109.86,1903.809
31/05/2021 00:00,1.322,6.37,0.818,0.704,0.899,109.578,1908.175
01/06/2021 00:00,1.323,6.382,0.819,0.707,0.897,109.472,1899.765
02/06/2021 00:00,1.323,6.381,0.819,0.706,0.898,109.565,1908.315
03/06/2021 00:00,1.328,6.404,0.825,0.709,0.904,110.297,1870.875
04/06/2021 00:00,1.325,6.395,0.822,0.706,0.899,109.53,1891.085
07/06/2021 00:00,1.323,6.397,0.82,0.705,0.898,109.252,1899.267
08/06/2021 00:00,1.324,6.401,0.821,0.707,0.897,109.505,1893.285
09/06/2021 00:00,1.325,6.388,0.821,0.708,0.896,109.618,1888.725
10/06/2021 00:00,1.324,6.393,0.821,0.705,0.895,109.363,1898.752
11/06/2021 00:00,1.326,6.399,0.826,0.709,0.898,109.665,1876.272
14/06/2021 00:00,1.327,6.399,0.825,0.709,0.9,110.077,1865.805
15/06/2021 00:00,1.327,6.406,0.824,0.71,0.898,110.051,1859.235
16/06/2021 00:00,1.336,6.398,0.834,0.715,0.909,110.66,1821.325
17/06/2021 00:00,1.343,6.448,0.84,0.718,0.917,110.253,1772.6
18/06/2021 00:00,1.345,6.453,0.843,0.724,0.923,110.215,1763.35
21/06/2021 00:00,1.343,6.467,0.839,0.718,0.918,110.31,1783.055
22/06/2021 00:00,1.344,6.482,0.837,0.717,0.918,110.653,1778.025
23/06/2021 00:00,1.346,6.474,0.838,0.716,0.918,110.974,1777.43
24/06/2021 00:00,1.343,6.472,0.838,0.718,0.918,110.865,1775.025
25/06/2021 00:00,1.343,6.456,0.838,0.72,0.917,110.775,1779.9
28/06/2021 00:00,1.343,6.456,0.838,0.72,0.92,110.617,1778.695
29/06/2021 00:00,1.345,6.464,0.84,0.722,0.921,110.552,1761.455
30/06/2021 00:00,1.345,6.457,0.843,0.723,0.925,111.079,1769.925
01/07/2021 00:00,1.349,6.469,0.844,0.727,0.926,111.535,1776.815
02/07/2021 00:00,1.347,6.473,0.843,0.723,0.921,111.065,1788.1
05/07/2021 00:00,1.345,6.464,0.843,0.722,0.922,110.974,1791.875
06/07/2021 00:00,1.348,6.479,0.846,0.724,0.925,110.63,1797.135
07/07/2021 00:00,1.349,6.473,0.848,0.725,0.926,110.655,1803.785
08/07/2021 00:00,1.353,6.491,0.844,0.725,0.915,109.764,1802.8
09/07/2021 00:00,1.351,6.479,0.842,0.719,0.914,110.105,1808.295
12/07/2021 00:00,1.352,6.476,0.843,0.72,0.915,110.362,1805.86
13/07/2021 00:00,1.355,6.469,0.849,0.724,0.918,110.613,1807.525
14/07/2021 00:00,1.353,6.469,0.845,0.722,0.915,109.989,1827.77
15/07/2021 00:00,1.355,6.461,0.847,0.723,0.918,109.838,1829.44
16/07/2021 00:00,1.357,6.479,0.847,0.726,0.919,110.095,1811.31
19/07/2021 00:00,1.364,6.491,0.847,0.731,0.918,109.45,1812.575
20/07/2021 00:00,1.366,6.485,0.849,0.734,0.922,109.867,1810.105
21/07/2021 00:00,1.364,6.468,0.848,0.729,0.918,110.297,1803.64
22/07/2021 00:00,1.359,6.471,0.85,0.727,0.92,110.144,1806.325
23/07/2021 00:00,1.361,6.481,0.849,0.727,0.92,110.55,1801.91
26/07/2021 00:00,1.358,6.483,0.847,0.724,0.916,110.387,1798.44
27/07/2021 00:00,1.36,6.511,0.846,0.72,0.914,109.78,1799.545
28/07/2021 00:00,1.357,6.491,0.844,0.719,0.91,109.922,1807.575
29/07/2021 00:00,1.353,6.456,0.841,0.716,0.906,109.474,1828.06
30/07/2021 00:00,1.354,6.462,0.843,0.719,0.905,109.715,1813.969
02/08/2021 00:00,1.353,6.462,0.842,0.72,0.905,109.325,1813.295
03/08/2021 00:00,1.352,6.47,0.843,0.719,0.904,109.055,1810.585
04/08/2021 00:00,1.351,6.466,0.845,0.72,0.906,109.484,1812.015
05/08/2021 00:00,1.351,6.461,0.845,0.718,0.907,109.767,1804.29
06/08/2021 00:00,1.355,6.484,0.85,0.721,0.915,110.235,1761.675
09/08/2021 00:00,1.357,6.486,0.852,0.722,0.92,110.325,1730.09
10/08/2021 00:00,1.36,6.486,0.853,0.723,0.923,110.555,1728.63
11/08/2021 00:00,1.356,6.479,0.852,0.721,0.922,110.428,1752.4
12/08/2021 00:00,1.358,6.479,0.852,0.724,0.924,110.439,1752.9
13/08/2021 00:00,1.355,6.477,0.848,0.721,0.916,109.62,1778.324
16/08/2021 00:00,1.356,6.475,0.849,0.723,0.913,109.28,1787.27
17/08/2021 00:00,1.362,6.486,0.854,0.728,0.915,109.591,1785.275
18/08/2021 00:00,1.361,6.485,0.854,0.727,0.916,109.784,1786.9
19/08/2021 00:00,1.365,6.495,0.856,0.733,0.919,109.772,1780.285
20/08/2021 00:00,1.363,6.502,0.855,0.734,0.917,109.785,1781.645
23/08/2021 00:00,1.356,6.482,0.851,0.729,0.912,109.705,1804.955
24/08/2021 00:00,1.355,6.471,0.851,0.728,0.913,109.679,1803.685
25/08/2021 00:00,1.353,6.476,0.85,0.727,0.913,109.994,1790.09
26/08/2021 00:00,1.354,6.481,0.851,0.73,0.918,110.085,1791.87
27/08/2021 00:00,1.346,6.472,0.847,0.726,0.911,109.834,1818.28
30/08/2021 00:00,1.346,6.467,0.848,0.727,0.917,109.915,1809.535
31/08/2021 00:00,1.345,6.461,0.847,0.727,0.915,110.005,1815.205
01/09/2021 00:00,1.345,6.46,0.845,0.726,0.916,110.03,1814.055
02/09/2021 00:00,1.343,6.457,0.842,0.723,0.915,109.941,1809.615
03/09/2021 00:00,1.341,6.454,0.842,0.722,0.914,109.72,1828.055
06/09/2021 00:00,1.343,6.458,0.842,0.723,0.916,109.841,1823.3
07/09/2021 00:00,1.346,6.467,0.844,0.725,0.919,110.276,1793.71
08/09/2021 00:00,1.346,6.462,0.846,0.726,0.922,110.276,1789.59
09/09/2021 00:00,1.343,6.455,0.846,0.723,0.916,109.726,1794.145
10/09/2021 00:00,1.342,6.444,0.847,0.723,0.918,109.94,1788.345
13/09/2021 00:00,1.342,6.452,0.847,0.723,0.922,110.003,1793.45
14/09/2021 00:00,1.344,6.439,0.847,0.724,0.92,109.699,1805.31
15/09/2021 00:00,1.341,6.433,0.846,0.723,0.92,109.364,1793.83
16/09/2021 00:00,1.345,6.458,0.85,0.725,0.927,109.728,1752.575
17/09/2021 00:00,1.348,6.466,0.853,0.728,0.932,109.925,1752.94
20/09/2021 00:00,1.352,6.466,0.853,0.732,0.927,109.419,1765.498
21/09/2021 00:00,1.352,6.467,0.853,0.732,0.924,109.222,1774.32
22/09/2021 00:00,1.354,6.462,0.855,0.734,0.926,109.805,1767.255
23/09/2021 00:00,1.349,6.459,0.852,0.729,0.925,110.315,1740.595
24/09/2021 00:00,1.353,6.467,0.854,0.731,0.924,110.735,1747.89
27/09/2021 00:00,1.354,6.457,0.855,0.73,0.926,110.98,1750.55
28/09/2021 00:00,1.358,6.46,0.856,0.738,0.929,111.506,1733.705
29/09/2021 00:00,1.361,6.471,0.862,0.745,0.935,111.963,1725.94
30/09/2021 00:00,1.359,6.446,0.863,0.742,0.932,111.29,1757.3
01/10/2021 00:00,1.358,6.447,0.862,0.738,0.93,111.205,1759.95
04/10/2021 00:00,1.357,6.447,0.861,0.735,0.925,110.924,1768.19
06/10/2021 00:00,1.359,6.447,0.865,0.736,0.928,111.419,1763.74
07/10/2021 00:00,1.358,6.447,0.865,0.734,0.929,111.624,1754.98
08/10/2021 00:00,1.355,6.443,0.864,0.734,0.927,112.25,1756.535
11/10/2021 00:00,1.356,6.451,0.865,0.735,0.928,113.302,1753.815
12/10/2021 00:00,1.357,6.449,0.867,0.736,0.931,113.6,1760.34
13/10/2021 00:00,1.352,6.428,0.862,0.732,0.924,113.269,1792.98
14/10/2021 00:00,1.349,6.44,0.862,0.731,0.923,113.686,1795.825
15/10/2021 00:00,1.348,6.436,0.862,0.727,0.923,114.375,1767.0
18/10/2021 00:00,1.349,6.43,0.861,0.728,0.924,114.315,1764.378
19/10/2021 00:00,1.345,6.383,0.86,0.725,0.923,114.364,1769.45
20/10/2021 00:00,1.344,6.394,0.858,0.723,0.92,114.344,1781.795
21/10/2021 00:00,1.347,6.393,0.86,0.725,0.919,113.983,1782.567
22/10/2021 00:00,1.348,6.385,0.859,0.725,0.916,113.565,1793.045
25/10/2021 00:00,1.347,6.386,0.861,0.726,0.92,113.706,1806.715
26/10/2021 00:00,1.348,6.383,0.862,0.726,0.92,114.149,1793.638
27/10/2021 00:00,1.348,6.393,0.862,0.728,0.918,113.818,1797.2
28/10/2021 00:00,1.344,6.392,0.856,0.725,0.912,113.577,1798.745
29/10/2021 00:00,1.349,6.406,0.865,0.73,0.916,113.905,1782.61
01/11/2021 00:00,1.348,6.398,0.862,0.732,0.909,114.058,1793.3
02/11/2021 00:00,1.349,6.4,0.864,0.735,0.915,113.993,1787.69
03/11/2021 00:00,1.348,6.407,0.861,0.73,0.912,114.005,1769.79
04/11/2021 00:00,1.351,6.398,0.865,0.741,0.913,113.838,1791.98
05/11/2021 00:00,1.35,6.399,0.866,0.741,0.912,113.425,1817.7
08/11/2021 00:00,1.348,6.393,0.863,0.737,0.914,113.243,1824.65
09/11/2021 00:00,1.348,6.393,0.863,0.738,0.911,112.898,1831.673
10/11/2021 00:00,1.353,6.389,0.871,0.746,0.918,113.887,1851.705
11/11/2021 00:00,1.355,6.391,0.873,0.748,0.921,114.056,1862.08
12/11/2021 00:00,1.353,6.38,0.874,0.746,0.921,113.86,1864.268
15/11/2021 00:00,1.354,6.383,0.88,0.745,0.925,114.137,1863.125
16/11/2021 00:00,1.357,6.392,0.883,0.745,0.93,114.825,1849.92
17/11/2021 00:00,1.356,6.378,0.883,0.741,0.928,114.151,1866.99
18/11/2021 00:00,1.357,6.386,0.879,0.741,0.926,114.256,1859.455
19/11/2021 00:00,1.361,6.387,0.886,0.744,0.929,114.02,1846.9
22/11/2021 00:00,1.365,6.385,0.89,0.746,0.933,114.86,1805.42
23/11/2021 00:00,1.366,6.392,0.889,0.748,0.933,115.105,1790.945
24/11/2021 00:00,1.368,6.392,0.893,0.75,0.934,115.42,1789.475
25/11/2021 00:00,1.368,6.387,0.892,0.751,0.936,115.345,1788.69
26/11/2021 00:00,1.371,6.393,0.884,0.75,0.923,113.355,1792.28
29/11/2021 00:00,1.369,6.388,0.886,0.751,0.923,113.597,1784.635
30/11/2021 00:00,1.365,6.364,0.882,0.752,0.919,113.181,1772.38
01/12/2021 00:00,1.366,6.368,0.883,0.753,0.92,112.779,1782.47
02/12/2021 00:00,1.369,6.377,0.885,0.752,0.92,113.207,1768.775
03/12/2021 00:00,1.373,6.376,0.884,0.756,0.918,112.81,1784.08
06/12/2021 00:00,1.37,6.376,0.886,0.754,0.926,113.505,1778.465
07/12/2021 00:00,1.366,6.367,0.887,0.755,0.925,113.569,1784.55
08/12/2021 00:00,1.362,6.345,0.882,0.757,0.921,113.738,1782.93
09/12/2021 00:00,1.365,6.378,0.885,0.756,0.924,113.469,1775.33
10/12/2021 00:00,1.366,6.37,0.884,0.754,0.921,113.385,1782.5
13/12/2021 00:00,1.368,6.367,0.886,0.757,0.923,113.59,1786.602
14/12/2021 00:00,1.369,6.368,0.888,0.756,0.924,113.747,1771.0
15/12/2021 00:00,1.366,6.368,0.885,0.754,0.926,114.045,1777.1
16/12/2021 00:00,1.364,6.368,0.882,0.75,0.92,113.7,1798.685
17/12/2021 00:00,1.368,6.375,0.89,0.755,0.925,113.725,1798.335
20/12/2021 00:00,1.367,6.376,0.887,0.757,0.921,113.655,1790.0
21/12/2021 00:00,1.364,6.372,0.886,0.754,0.924,114.078,1788.755
22/12/2021 00:00,1.362,6.37,0.883,0.749,0.92,114.111,1803.82
23/12/2021 00:00,1.359,6.37,0.883,0.746,0.918,114.418,1808.45
27/12/2021 00:00,1.357,6.371,0.883,0.744,0.918,114.886,1811.7
28/12/2021 00:00,1.355,6.369,0.884,0.744,0.917,114.808,1805.38
29/12/2021 00:00,1.352,6.368,0.881,0.741,0.915,114.962,1804.44
30/12/2021 00:00,1.352,6.373,0.883,0.741,0.914,115.061,1802.27
31/12/2021 00:00,1.348,6.356,0.879,0.738,0.911,115.142,1821.9
03/01/2022 00:00,1.355,6.356,0.885,0.742,0.919,115.351,1801.835
04/01/2022 00:00,1.356,6.355,0.886,0.739,0.916,116.145,1814.32
05/01/2022 00:00,1.358,6.364,0.884,0.738,0.918,116.132,1809.235
06/01/2022 00:00,1.361,6.383,0.885,0.739,0.922,115.855,1788.975
07/01/2022 00:00,1.356,6.378,0.88,0.736,0.919,115.625,1795.53
10/01/2022 00:00,1.357,6.376,0.883,0.737,0.927,115.22,1801.475
11/01/2022 00:00,1.351,6.374,0.88,0.734,0.923,115.319,1822.76
12/01/2022 00:00,1.347,6.358,0.874,0.73,0.914,114.666,1826.835
13/01/2022 00:00,1.347,6.36,0.873,0.729,0.911,114.19,1822.51
14/01/2022 00:00,1.348,6.353,0.876,0.731,0.914,114.22,1817.095
17/01/2022 00:00,1.349,6.349,0.877,0.733,0.914,114.615,1819.55
18/01/2022 00:00,1.351,6.353,0.883,0.735,0.917,114.605,1813.34
19/01/2022 00:00,1.348,6.345,0.882,0.735,0.916,114.352,1840.34
20/01/2022 00:00,1.347,6.341,0.884,0.735,0.917,114.111,1838.34
21/01/2022 00:00,1.345,6.339,0.881,0.738,0.911,113.68,1833.525
24/01/2022 00:00,1.346,6.331,0.883,0.741,0.914,113.972,1843.255
25/01/2022 00:00,1.345,6.326,0.885,0.74,0.918,113.892,1847.81
26/01/2022 00:00,1.348,6.321,0.889,0.743,0.924,114.656,1816.822
27/01/2022 00:00,1.353,6.368,0.897,0.747,0.931,115.325,1796.22
28/01/2022 00:00,1.355,6.361,0.897,0.746,0.931,115.28,1790.84
31/01/2022 00:00,1.352,6.361,0.89,0.744,0.927,115.141,1798.855
01/02/2022 00:00,1.349,6.361,0.887,0.739,0.922,114.698,1801.475
07/02/2022 00:00,1.344,6.362,0.874,0.739,0.923,115.105,1821.235
08/02/2022 00:00,1.345,6.367,0.876,0.738,0.925,115.555,1825.935
09/02/2022 00:00,1.342,6.363,0.875,0.739,0.924,115.53,1832.875
10/02/2022 00:00,1.345,6.354,0.875,0.737,0.925,116.045,1826.25
11/02/2022 00:00,1.348,6.355,0.881,0.737,0.926,115.605,1862.565
14/02/2022 00:00,1.347,6.358,0.885,0.739,0.925,115.554,1870.855
15/02/2022 00:00,1.345,6.339,0.88,0.738,0.925,115.608,1853.55
16/02/2022 00:00,1.343,6.337,0.879,0.736,0.922,115.458,1868.055
17/02/2022 00:00,1.343,6.338,0.88,0.734,0.92,114.94,1897.99
18/02/2022 00:00,1.346,6.326,0.883,0.736,0.921,115.005,1898.615
21/02/2022 00:00,1.346,6.335,0.884,0.735,0.916,114.69,1905.67
22/02/2022 00:00,1.346,6.327,0.883,0.736,0.921,115.052,1899.26
23/02/2022 00:00,1.346,6.315,0.885,0.738,0.918,115.006,1908.228
24/02/2022 00:00,1.355,6.329,0.893,0.748,0.925,115.496,1902.413
25/02/2022 00:00,1.354,6.317,0.887,0.745,0.926,115.556,1887.63
28/02/2022 00:00,1.355,6.309,0.891,0.745,0.917,114.999,1907.205
01/03/2022 00:00,1.358,6.313,0.899,0.751,0.919,114.895,1941.275
02/03/2022 00:00,1.355,6.321,0.899,0.746,0.92,115.538,1927.85
03/03/2022 00:00,1.357,6.32,0.904,0.749,0.918,115.469,1937.46
04/03/2022 00:00,1.36,6.318,0.915,0.756,0.917,114.84,1969.245
07/03/2022 00:00,1.362,6.321,0.921,0.763,0.926,115.309,1997.955
08/03/2022 00:00,1.366,6.319,0.917,0.763,0.929,115.659,2051.807
09/03/2022 00:00,1.358,6.318,0.903,0.759,0.926,115.872,1995.905
10/03/2022 00:00,1.359,6.322,0.91,0.764,0.93,116.13,1996.12
11/03/2022 00:00,1.364,6.34,0.916,0.767,0.937,117.368,1987.45
14/03/2022 00:00,1.367,6.365,0.914,0.769,0.938,118.26,1951.02
15/03/2022 00:00,1.366,6.371,0.912,0.767,0.941,118.335,1918.42
16/03/2022 00:00,1.359,6.352,0.908,0.761,0.942,118.881,1927.76
17/03/2022 00:00,1.354,6.347,0.901,0.76,0.937,118.579,1942.9
18/03/2022 00:00,1.355,6.361,0.903,0.759,0.932,119.193,1921.9
21/03/2022 00:00,1.358,6.356,0.907,0.759,0.933,119.472,1935.87
22/03/2022 00:00,1.357,6.366,0.906,0.754,0.933,120.935,1921.73
23/03/2022 00:00,1.358,6.372,0.909,0.757,0.931,121.092,1943.66
24/03/2022 00:00,1.358,6.368,0.909,0.758,0.93,122.375,1957.49
25/03/2022 00:00,1.358,6.366,0.91,0.758,0.93,122.08,1958.205
28/03/2022 00:00,1.361,6.372,0.91,0.764,0.934,123.868,1922.7
29/03/2022 00:00,1.357,6.364,0.902,0.763,0.931,122.884,1918.958
30/03/2022 00:00,1.353,6.348,0.896,0.761,0.923,121.84,1933.4
31/03/2022 00:00,1.355,6.34,0.903,0.761,0.923,121.715,1937.585
01/04/2022 00:00,1.357,6.363,0.905,0.762,0.925,122.508,1923.98
04/04/2022 00:00,1.357,6.363,0.911,0.762,0.927,122.803,1932.52
05/04/2022 00:00,1.359,6.364,0.917,0.765,0.929,123.594,1923.075
06/04/2022 00:00,1.36,6.36,0.917,0.765,0.933,123.804,1924.995
07/04/2022 00:00,1.361,6.361,0.919,0.765,0.934,123.98,1931.69
08/04/2022 00:00,1.364,6.365,0.919,0.767,0.935,124.3,1945.14
11/04/2022 00:00,1.365,6.37,0.919,0.768,0.931,125.417,1953.95
12/04/2022 00:00,1.364,6.366,0.923,0.769,0.933,125.385,1964.76
13/04/2022 00:00,1.362,6.368,0.918,0.762,0.934,125.685,1976.95
14/04/2022 00:00,1.356,6.378,0.923,0.765,0.942,125.894,1972.205
19/04/2022 00:00,1.368,6.394,0.927,0.769,0.952,128.927,1950.025
20/04/2022 00:00,1.363,6.419,0.922,0.765,0.949,127.949,1956.96
21/04/2022 00:00,1.365,6.451,0.923,0.767,0.953,128.365,1951.225
22/04/2022 00:00,1.369,6.502,0.923,0.78,0.958,128.472,1932.11
25/04/2022 00:00,1.374,6.559,0.933,0.785,0.959,128.154,1897.66
26/04/2022 00:00,1.379,6.557,0.94,0.795,0.962,127.211,1905.375
27/04/2022 00:00,1.381,6.561,0.947,0.797,0.969,128.463,1886.015
28/04/2022 00:00,1.387,6.626,0.952,0.803,0.972,130.867,1895.045
29/04/2022 00:00,1.383,6.609,0.948,0.795,0.974,129.787,1897.39
03/05/2022 00:00,1.384,6.608,0.95,0.8,0.979,130.126,1867.39
04/05/2022 00:00,1.374,6.608,0.941,0.792,0.973,129.173,1884.06
05/05/2022 00:00,1.384,6.656,0.949,0.809,0.985,130.22,1878.48
06/05/2022 00:00,1.386,6.667,0.948,0.81,0.989,130.568,1882.375
09/05/2022 00:00,1.391,6.731,0.947,0.811,0.994,130.369,1852.835
10/05/2022 00:00,1.391,6.735,0.949,0.812,0.994,130.215,1837.885
11/05/2022 00:00,1.39,6.722,0.951,0.816,0.994,129.965,1852.275
12/05/2022 00:00,1.397,6.787,0.963,0.82,1.003,128.402,1823.545
13/05/2022 00:00,1.391,6.789,0.96,0.815,1.002,129.26,1810.73
16/05/2022 00:00,1.392,6.786,0.958,0.812,1.002,129.072,1822.65
17/05/2022 00:00,1.385,6.738,0.948,0.801,0.994,129.385,1813.395
18/05/2022 00:00,1.391,6.755,0.956,0.81,0.988,128.301,1816.445
19/05/2022 00:00,1.381,6.713,0.945,0.802,0.972,127.838,1841.635
20/05/2022 00:00,1.38,6.693,0.947,0.801,0.975,127.935,1845.407
23/05/2022 00:00,1.374,6.651,0.935,0.794,0.966,127.9,1853.19
24/05/2022 00:00,1.372,6.654,0.932,0.798,0.961,126.852,1867.025
25/05/2022 00:00,1.375,6.693,0.936,0.795,0.962,127.284,1853.84
26/05/2022 00:00,1.373,6.739,0.932,0.793,0.959,127.119,1851.88
27/05/2022 00:00,1.375,6.699,0.932,0.793,0.957,127.095,1853.755
30/05/2022 00:00,1.367,6.661,0.928,0.79,0.958,127.614,1856.57
31/05/2022 00:00,1.37,6.673,0.932,0.794,0.96,128.695,1837.705
01/06/2022 00:00,1.375,6.686,0.939,0.801,0.963,130.146,1847.068
06/06/2022 00:00,1.377,6.654,0.935,0.798,0.971,131.902,1842.275
07/06/2022 00:00,1.374,6.671,0.934,0.794,0.972,132.621,1852.435
08/06/2022 00:00,1.376,6.684,0.933,0.798,0.978,134.235,1850.85
09/06/2022 00:00,1.383,6.692,0.942,0.8,0.981,134.376,1847.963
10/06/2022 00:00,1.388,6.709,0.951,0.812,0.988,134.399,1871.693
13/06/2022 00:00,1.395,6.755,0.96,0.824,0.997,134.421,1820.67
14/06/2022 00:00,1.394,6.741,0.96,0.833,1.002,135.471,1808.27
15/06/2022 00:00,1.387,6.714,0.957,0.821,0.994,133.855,1835.3
16/06/2022 00:00,1.384,6.704,0.948,0.81,0.967,132.269,1855.095
17/06/2022 00:00,1.39,6.717,0.952,0.818,0.971,134.975,1840.57
20/06/2022 00:00,1.388,6.693,0.951,0.816,0.968,135.076,1838.8
21/06/2022 00:00,1.386,6.69,0.949,0.815,0.966,136.664,1834.175
22/06/2022 00:00,1.387,6.702,0.946,0.815,0.962,136.162,1837.583
23/06/2022 00:00,1.39,6.698,0.95,0.816,0.961,134.942,1824.684
24/06/2022 00:00,1.39,6.69,0.947,0.815,0.959,135.211,1826.52
27/06/2022 00:00,1.386,6.692,0.945,0.815,0.957,135.462,1822.92
28/06/2022 00:00,1.388,6.708,0.95,0.821,0.957,136.151,1819.893
29/06/2022 00:00,1.394,6.701,0.958,0.825,0.955,136.558,1818.505
30/06/2022 00:00,1.39,6.7,0.954,0.821,0.955,135.735,1807.39
01/07/2022 00:00,1.396,6.701,0.959,0.826,0.959,135.23,1807.529
04/07/2022 00:00,1.396,6.7,0.959,0.826,0.961,135.69,1809.63
05/07/2022 00:00,1.406,6.72,0.974,0.837,0.968,135.852,1766.365
06/07/2022 00:00,1.405,6.708,0.982,0.839,0.971,135.929,1738.58
07/07/2022 00:00,1.401,6.702,0.984,0.832,0.974,136.033,1740.455
08/07/2022 00:00,1.398,6.695,0.982,0.831,0.977,136.115,1741.58
11/07/2022 00:00,1.406,6.718,0.996,0.841,0.983,137.436,1733.8
12/07/2022 00:00,1.407,6.725,0.996,0.841,0.982,136.835,1725.935
13/07/2022 00:00,1.405,6.719,0.994,0.841,0.979,137.42,1734.59
14/07/2022 00:00,1.403,6.756,0.998,0.846,0.984,138.973,1710.675
15/07/2022 00:00,1.4,6.757,0.992,0.843,0.977,138.535,1705.745
18/07/2022 00:00,1.397,6.743,0.985,0.837,0.977,138.138,1708.885
19/07/2022 00:00,1.392,6.745,0.977,0.833,0.969,138.18,1711.815
20/07/2022 00:00,1.394,6.756,0.982,0.835,0.971,138.251,1695.955
21/07/2022 00:00,1.39,6.767,0.978,0.834,0.967,137.376,1719.48
22/07/2022 00:00,1.384,6.751,0.979,0.833,0.962,136.27,1726.099
25/07/2022 00:00,1.386,6.751,0.978,0.83,0.964,136.658,1718.475
26/07/2022 00:00,1.39,6.763,0.988,0.831,0.963,136.917,1717.39
27/07/2022 00:00,1.384,6.759,0.98,0.822,0.96,136.578,1734.72
28/07/2022 00:00,1.38,6.747,0.981,0.821,0.955,134.296,1757.05
29/07/2022 00:00,1.381,6.744,0.978,0.822,0.952,133.245,1765.595
01/08/2022 00:00,1.377,6.769,0.975,0.816,0.95,131.655,1771.98
02/08/2022 00:00,1.383,6.753,0.984,0.822,0.958,133.171,1762.457
03/08/2022 00:00,1.381,6.758,0.983,0.823,0.961,133.839,1765.285
04/08/2022 00:00,1.376,6.749,0.976,0.823,0.955,132.985,1791.32
05/08/2022 00:00,1.382,6.762,0.982,0.828,0.962,135.018,1774.9
08/08/2022 00:00,1.379,6.751,0.981,0.828,0.956,135.005,1788.525
09/08/2022 00:00,1.379,6.753,0.979,0.828,0.954,135.138,1794.7
10/08/2022 00:00,1.369,6.724,0.971,0.819,0.943,132.876,1791.93
11/08/2022 00:00,1.37,6.745,0.969,0.82,0.942,133.02,1788.83
12/08/2022 00:00,1.371,6.743,0.974,0.824,0.941,133.445,1800.5
15/08/2022 00:00,1.379,6.774,0.984,0.829,0.946,133.288,1779.08
16/08/2022 00:00,1.379,6.788,0.984,0.827,0.95,134.227,1775.36
17/08/2022 00:00,1.382,6.781,0.983,0.83,0.952,135.112,1763.75
18/08/2022 00:00,1.386,6.786,0.991,0.838,0.956,135.878,1759.11
19/08/2022 00:00,1.391,6.817,0.996,0.845,0.959,136.862,1746.96
22/08/2022 00:00,1.398,6.849,1.006,0.85,0.964,137.496,1735.67
23/08/2022 00:00,1.392,6.835,1.003,0.845,0.964,136.751,1747.85
24/08/2022 00:00,1.394,6.86,1.003,0.848,0.967,137.108,1752.31
25/08/2022 00:00,1.389,6.849,1.002,0.845,0.963,136.495,1757.82
26/08/2022 00:00,1.394,6.872,1.004,0.852,0.966,137.665,1738.14
30/08/2022 00:00,1.399,6.912,0.998,0.858,0.974,138.76,1724.35
31/08/2022 00:00,1.397,6.89,0.995,0.861,0.978,139.045,1710.93
01/09/2022 00:00,1.403,6.907,1.005,0.866,0.982,140.227,1695.25
02/09/2022 00:00,1.403,6.9,1.005,0.869,0.981,140.215,1710.45
05/09/2022 00:00,1.403,6.934,1.007,0.868,0.98,140.585,1710.11
06/09/2022 00:00,1.407,6.954,1.009,0.868,0.984,142.777,1700.96
07/09/2022 00:00,1.405,6.966,0.999,0.867,0.977,143.744,1717.98
08/09/2022 00:00,1.405,6.958,1.0,0.869,0.97,144.115,1708.5
09/09/2022 00:00,1.401,6.927,0.985,0.862,0.959,142.505,1715.98
12/09/2022 00:00,1.396,6.926,0.988,0.856,0.954,142.819,1725.13
13/09/2022 00:00,1.407,6.925,1.003,0.87,0.962,144.58,1702.33
14/09/2022 00:00,1.406,6.962,1.002,0.866,0.962,143.134,1696.99
15/09/2022 00:00,1.408,6.995,1.0,0.872,0.961,143.484,1665.04
16/09/2022 00:00,1.406,6.984,0.998,0.876,0.965,142.926,1672.66
19/09/2022 00:00,1.408,7.007,0.997,0.875,0.964,143.23,1675.5
20/09/2022 00:00,1.41,7.018,1.003,0.879,0.964,143.729,1665.04
21/09/2022 00:00,1.417,7.049,1.016,0.887,0.967,144.126,1673.84
22/09/2022 00:00,1.418,7.078,1.017,0.889,0.978,142.367,1671.49
23/09/2022 00:00,1.43,7.128,1.032,0.922,0.982,143.343,1644.14
26/09/2022 00:00,1.438,7.134,1.041,0.936,0.995,144.699,1621.88
27/09/2022 00:00,1.439,7.178,1.042,0.932,0.992,144.802,1629.05
28/09/2022 00:00,1.434,7.201,1.027,0.919,0.976,144.125,1659.08
29/09/2022 00:00,1.433,7.125,1.018,0.899,0.976,144.461,1659.7
30/09/2022 00:00,1.432,7.116,1.02,0.895,0.987,144.739,1662.52
03/10/2022 00:00,1.431,7.116,1.018,0.883,0.992,144.568,1699.44
04/10/2022 00:00,1.423,7.116,1.001,0.872,0.98,144.194,1726.0
05/10/2022 00:00,1.424,7.116,1.012,0.883,0.983,144.615,1715.92
06/10/2022 00:00,1.429,7.116,1.021,0.895,0.99,145.107,1713.05
07/10/2022 00:00,1.433,7.116,1.027,0.902,0.995,145.693,1694.85
10/10/2022 00:00,1.437,7.154,1.03,0.904,1.0,145.725,1667.82
11/10/2022 00:00,1.439,7.166,1.03,0.911,0.997,145.807,1666.38
12/10/2022 00:00,1.435,7.175,1.03,0.901,0.998,146.872,1672.75
13/10/2022 00:00,1.431,7.171,1.023,0.883,1.001,147.194,1666.4
14/10/2022 00:00,1.427,7.191,1.029,0.894,1.006,148.77,1643.55
17/10/2022 00:00,1.421,7.196,1.016,0.88,0.996,148.975,1649.82
18/10/2022 00:00,1.421,7.202,1.014,0.883,0.994,149.205,1651.42
19/10/2022 00:00,1.425,7.229,1.023,0.891,1.005,149.853,1629.04
20/10/2022 00:00,1.424,7.216,1.022,0.89,1.004,150.109,1627.72
21/10/2022 00:00,1.415,7.244,1.014,0.885,0.997,147.655,1654.62
24/10/2022 00:00,1.422,7.263,1.013,0.886,1.001,149.055,1649.59
25/10/2022 00:00,1.416,7.305,1.003,0.872,0.995,148.012,1652.54
26/10/2022 00:00,1.405,7.173,0.992,0.86,0.986,146.374,1663.39
27/10/2022 00:00,1.41,7.229,1.004,0.864,0.991,146.284,1663.27
28/10/2022 00:00,1.413,7.253,1.003,0.861,0.997,147.455,1644.23
31/10/2022 00:00,1.416,7.303,1.012,0.872,1.001,148.622,1633.44
01/11/2022 00:00,1.415,7.277,1.013,0.871,1.0,148.184,1647.68
02/11/2022 00:00,1.418,7.29,1.019,0.878,1.003,147.903,1635.72
03/11/2022 00:00,1.422,7.302,1.025,0.896,1.013,148.178,1628.9
04/11/2022 00:00,1.404,7.185,1.002,0.879,0.998,146.61,1681.27
07/11/2022 00:00,1.401,7.229,0.998,0.869,0.989,146.601,1674.59
08/11/2022 00:00,1.399,7.249,0.993,0.866,0.985,145.672,1712.61
09/11/2022 00:00,1.403,7.242,0.999,0.88,0.985,146.441,1705.62
10/11/2022 00:00,1.383,7.187,0.98,0.854,0.964,141.575,1755.54
11/11/2022 00:00,1.373,7.108,0.966,0.845,0.943,138.801,1767.14
14/11/2022 00:00,1.373,7.074,0.968,0.851,0.944,139.941,1771.68
15/11/2022 00:00,1.37,7.045,0.966,0.843,0.944,139.3,1778.43
16/11/2022 00:00,1.37,7.089,0.962,0.839,0.945,139.528,1773.42
17/11/2022 00:00,1.374,7.157,0.965,0.843,0.952,140.222,1760.84
18/11/2022 00:00,1.374,7.12,0.968,0.841,0.954,140.348,1748.81
21/11/2022 00:00,1.382,7.165,0.976,0.846,0.959,142.118,1739.34
22/11/2022 00:00,1.378,7.14,0.97,0.841,0.952,141.197,1740.06
23/11/2022 00:00,1.377,7.165,0.962,0.83,0.943,139.584,1749.61
24/11/2022 00:00,1.376,7.152,0.961,0.825,0.943,138.62,1755.26
25/11/2022 00:00,1.376,7.165,0.962,0.827,0.946,139.153,1754.58
28/11/2022 00:00,1.379,7.209,0.967,0.836,0.949,138.882,1741.14
29/11/2022 00:00,1.376,7.161,0.968,0.836,0.953,138.673,1749.34
30/11/2022 00:00,1.361,7.093,0.961,0.829,0.946,138.104,1768.68
01/12/2022 00:00,1.354,7.044,0.95,0.816,0.937,135.314,1802.57
02/12/2022 00:00,1.352,7.025,0.949,0.813,0.936,134.313,1797.77
05/12/2022 00:00,1.357,6.962,0.953,0.82,0.942,136.723,1768.35
06/12/2022 00:00,1.359,6.996,0.955,0.824,0.942,136.99,1771.46
07/12/2022 00:00,1.358,6.974,0.952,0.819,0.941,136.56,1785.85
08/12/2022 00:00,1.354,6.967,0.947,0.817,0.936,136.658,1789.02
09/12/2022 00:00,1.356,6.958,0.949,0.815,0.935,136.435,1796.41
12/12/2022 00:00,1.354,6.978,0.949,0.815,0.936,137.632,1781.24
13/12/2022 00:00,1.347,6.945,0.941,0.808,0.929,135.512,1809.91
14/12/2022 00:00,1.345,6.951,0.936,0.805,0.925,135.449,1807.19
15/12/2022 00:00,1.359,6.973,0.941,0.821,0.928,137.757,1776.7
16/12/2022 00:00,1.359,6.973,0.945,0.824,0.932,136.51,1793.25
19/12/2022 00:00,1.357,6.98,0.943,0.823,0.929,136.839,1787.5
20/12/2022 00:00,1.352,6.962,0.941,0.821,0.926,131.761,1818.16
21/12/2022 00:00,1.351,6.982,0.943,0.828,0.927,132.385,1814.57
22/12/2022 00:00,1.35,6.984,0.943,0.831,0.931,132.355,1792.44
23/12/2022 00:00,1.351,6.989,0.942,0.83,0.933,132.913,1797.98
28/12/2022 00:00,1.35,6.979,0.942,0.832,0.929,134.361,1804.58
29/12/2022 00:00,1.344,6.964,0.938,0.829,0.923,133.027,1814.54
30/12/2022 00:00,1.341,6.898,0.934,0.827,0.924,131.13,1823.85
02/01/2023 00:00,1.342,6.899,0.938,0.83,0.926,130.785,1823.76
03/01/2023 00:00,1.345,6.915,0.948,0.835,0.936,131.017,1839.29
04/01/2023 00:00,1.342,6.889,0.943,0.829,0.93,132.487,1855.21
05/01/2023 00:00,1.345,6.882,0.95,0.84,0.936,133.421,1832.82
06/01/2023 00:00,1.336,6.839,0.94,0.827,0.928,132.078,1865.68
09/01/2023 00:00,1.33,6.773,0.932,0.821,0.921,131.899,1870.93
10/01/2023 00:00,1.332,6.779,0.932,0.823,0.923,132.223,1877.34
11/01/2023 00:00,1.331,6.771,0.93,0.823,0.931,132.46,1876.61
12/01/2023 00:00,1.323,6.739,0.922,0.819,0.928,129.346,1897.02
13/01/2023 00:00,1.319,6.703,0.923,0.817,0.927,127.892,1919.69
16/01/2023 00:00,1.321,6.734,0.924,0.82,0.926,128.441,1916.74
17/01/2023 00:00,1.32,6.774,0.927,0.814,0.922,128.228,1908.91
18/01/2023 00:00,1.321,6.748,0.926,0.81,0.916,128.805,1904.04
19/01/2023 00:00,1.321,6.777,0.923,0.807,0.916,128.422,1932.26
20/01/2023 00:00,1.319,6.784,0.921,0.807,0.92,129.598,1926.96
23/01/2023 00:00,1.319,6.784,0.92,0.808,0.922,130.613,1930.99
24/01/2023 00:00,1.32,6.784,0.918,0.811,0.923,130.2,1937.89
25/01/2023 00:00,1.313,6.784,0.916,0.806,0.918,129.51,1947.31
26/01/2023 00:00,1.312,6.784,0.918,0.806,0.92,130.207,1929.13
27/01/2023 00:00,1.313,6.784,0.92,0.807,0.922,129.865,1928.08
30/01/2023 00:00,1.314,6.749,0.922,0.809,0.925,130.363,1922.49
31/01/2023 00:00,1.314,6.755,0.92,0.812,0.916,130.097,1928.83
01/02/2023 00:00,1.307,6.742,0.91,0.808,0.908,128.932,1950.36
02/02/2023 00:00,1.31,6.732,0.917,0.818,0.913,128.655,1912.82
03/02/2023 00:00,1.324,6.775,0.926,0.829,0.927,131.2,1865.75
06/02/2023 00:00,1.328,6.795,0.932,0.832,0.928,132.613,1867.87
07/02/2023 00:00,1.324,6.793,0.932,0.83,0.922,131.08,1871.28
08/02/2023 00:00,1.326,6.789,0.933,0.828,0.921,131.358,1876.31
09/02/2023 00:00,1.326,6.781,0.931,0.825,0.922,131.495,1861.3
10/02/2023 00:00,1.331,6.81,0.936,0.829,0.925,131.333,1864.82
13/02/2023 00:00,1.329,6.823,0.932,0.824,0.92,132.428,1853.62
14/02/2023 00:00,1.329,6.827,0.931,0.821,0.922,133.072,1855.61
15/02/2023 00:00,1.336,6.853,0.935,0.831,0.924,133.984,1834.59
16/02/2023 00:00,1.336,6.861,0.937,0.834,0.926,133.974,1837.87
17/02/2023 00:00,1.337,6.868,0.935,0.83,0.925,134.11,1841.46
20/02/2023 00:00,1.336,6.855,0.936,0.831,0.924,134.258,1841.44
21/02/2023 00:00,1.34,6.874,0.939,0.826,0.928,134.955,1835.13
22/02/2023 00:00,1.34,6.892,0.943,0.83,0.931,134.897,1825.26
23/02/2023 00:00,1.343,6.908,0.944,0.832,0.934,134.705,1824.29
24/02/2023 00:00,1.35,6.956,0.948,0.837,0.941,136.48,1811.04
27/02/2023 00:00,1.347,6.945,0.943,0.829,0.936,136.235,1816.48
28/02/2023 00:00,1.348,6.933,0.945,0.831,0.942,136.212,1826.65
01/03/2023 00:00,1.342,6.869,0.937,0.832,0.94,136.141,1837.18
02/03/2023 00:00,1.347,6.915,0.944,0.837,0.942,136.732,1836.26
03/03/2023 00:00,1.344,6.907,0.94,0.83,0.936,135.868,1855.0
06/03/2023 00:00,1.345,6.93,0.936,0.831,0.931,135.932,1846.92
07/03/2023 00:00,1.355,6.962,0.948,0.845,0.942,137.116,1814.06
08/03/2023 00:00,1.354,6.952,0.948,0.845,0.942,137.301,1813.81
09/03/2023 00:00,1.354,6.965,0.945,0.839,0.933,136.164,1830.92
10/03/2023 00:00,1.349,6.906,0.94,0.831,0.92,135.02,1867.83
13/03/2023 00:00,1.347,6.846,0.932,0.821,0.912,133.167,1913.56
14/03/2023 00:00,1.345,6.872,0.932,0.823,0.914,134.233,1902.4
15/03/2023 00:00,1.352,6.907,0.945,0.829,0.932,133.307,1918.39
16/03/2023 00:00,1.347,6.898,0.942,0.826,0.93,133.569,1919.47
17/03/2023 00:00,1.34,6.887,0.928,0.821,0.923,131.878,1989.01
20/03/2023 00:00,1.338,6.879,0.933,0.815,0.929,131.395,1979.09
21/03/2023 00:00,1.337,6.885,0.928,0.818,0.922,132.384,1940.53
22/03/2023 00:00,1.33,6.881,0.921,0.815,0.917,131.424,1969.94
23/03/2023 00:00,1.328,6.82,0.923,0.814,0.917,130.82,1993.84
24/03/2023 00:00,1.332,6.868,0.929,0.818,0.92,130.725,1977.47
27/03/2023 00:00,1.331,6.885,0.926,0.814,0.916,131.557,1957.32
28/03/2023 00:00,1.328,6.875,0.922,0.811,0.92,130.908,1972.37
29/03/2023 00:00,1.329,6.887,0.922,0.812,0.919,132.75,1963.91
30/03/2023 00:00,1.328,6.872,0.917,0.807,0.914,132.711,1969.7
31/03/2023 00:00,1.331,6.869,0.92,0.81,0.915,132.775,1969.58
03/04/2023 00:00,1.327,6.878,0.917,0.806,0.913,132.426,1984.04
04/04/2023 00:00,1.326,6.88,0.913,0.8,0.906,131.705,2021.35
05/04/2023 00:00,1.329,6.88,0.917,0.803,0.906,131.312,2020.7
06/04/2023 00:00,1.33,6.876,0.916,0.804,0.905,131.73,2007.61
