date,ouv,haut,bas,clot,vol,devise,Unnamed: 7
06/04/2023 00:00,2021.51,2021.51,2001.36,2007.61,0,USD,
05/04/2023 00:00,2021.29,2031.93,2010.79,2020.7,0,USD,
04/04/2023 00:00,1985.36,2024.95,1977.25,2021.35,0,USD,
03/04/2023 00:00,1969.84,1990.48,1949.8,1984.04,0,USD,
31/03/2023 00:00,1980.05,1986.67,1967.05,1969.58,0,USD,
30/03/2023 00:00,1964.09,1975.15,1955.8,1969.7,0,USD,
29/03/2023 00:00,1973.51,1974.45,1958.94,1963.91,0,USD,
28/03/2023 00:00,1957.81,1975.2,1949.35,1972.37,0,USD,
27/03/2023 00:00,1975.36,1978.65,1944.5,1957.32,0,USD,
24/03/2023 00:00,1992.64,2002.8,1975.25,1977.47,0,USD,
23/03/2023 00:00,1967.5,2003.14,1966.3,1993.84,0,USD,
22/03/2023 00:00,1942.01,1977.93,1934.97,1969.94,0,USD,
21/03/2023 00:00,1978.19,1985.08,1935.57,1940.53,0,USD,
20/03/2023 00:00,1976.47,2009.3,1966.38,1979.09,0,USD,
17/03/2023 00:00,1920.04,1989.24,1918.55,1989.01,0,USD,
16/03/2023 00:00,1921.16,1933.31,1907.66,1919.47,0,USD,
15/03/2023 00:00,1904.64,1937.07,1885.96,1918.39,0,USD,
14/03/2023 00:00,1910.36,1914.1,1905.57,1902.4,0,USD,
13/03/2023 00:00,1886.39,1914.51,1871.64,1913.56,0,USD,
10/03/2023 00:00,1831.11,1870.03,1827.84,1867.83,0,USD,
09/03/2023 00:00,1814.6,1835.08,1812.3,1830.92,0,USD,
08/03/2023 00:00,1814.19,1823.92,1809.53,1813.81,0,USD,
07/03/2023 00:00,1846.37,1851.61,1812.8,1814.06,0,USD,
06/03/2023 00:00,1853.65,1857.88,1845.34,1846.92,0,USD,
03/03/2023 00:00,1836.45,1856.36,1836.44,1855.0,0,USD,
02/03/2023 00:00,1837.7,1838.65,1830.15,1836.26,0,USD,
01/03/2023 00:00,1827.09,1844.49,1823.15,1837.18,0,USD,
28/02/2023 00:00,1817.48,1830.97,1805.18,1826.65,0,USD,
27/02/2023 00:00,1812.06,1820.03,1806.77,1816.48,0,USD,
24/02/2023 00:00,1822.67,1827.83,1809.08,1811.04,0,USD,
23/02/2023 00:00,1825.46,1833.8,1817.84,1824.29,0,USD,
22/02/2023 00:00,1835.06,1845.57,1823.66,1825.26,0,USD,
21/02/2023 00:00,1842.29,1843.67,1830.27,1835.13,0,USD,
20/02/2023 00:00,1841.46,1847.38,1837.2,1841.44,0,USD,
17/02/2023 00:00,1835.35,1843.53,1818.75,1841.46,0,USD,
16/02/2023 00:00,1836.73,1845.14,1827.54,1837.87,0,USD,
15/02/2023 00:00,1853.74,1859.53,1830.82,1834.59,0,USD,
14/02/2023 00:00,1853.63,1869.73,1843.69,1855.61,0,USD,
13/02/2023 00:00,1865.21,1865.94,1850.38,1853.62,0,USD,
10/02/2023 00:00,1861.93,1871.67,1852.57,1864.82,0,USD,
09/02/2023 00:00,1875.01,1890.06,1858.8,1861.3,0,USD,
08/02/2023 00:00,1873.01,1885.83,1869.72,1876.31,0,USD,
07/02/2023 00:00,1867.92,1883.68,1865.24,1871.28,0,USD,
06/02/2023 00:00,1865.42,1881.1,1863.07,1867.87,0,USD,
03/02/2023 00:00,1912.72,1918.58,1861.38,1865.75,0,USD,
02/02/2023 00:00,1953.14,1959.52,1911.39,1912.82,0,USD,
01/02/2023 00:00,1927.81,1954.21,1920.73,1950.36,0,USD,
31/01/2023 00:00,1922.61,1930.99,1901.04,1928.83,0,USD,
30/01/2023 00:00,1926.875,1934.35,1920.84,1922.49,0,USD,
27/01/2023 00:00,1929.76,1934.7,1917.01,1928.08,0,USD,
26/01/2023 00:00,1946.56,1949.08,1919.04,1929.13,0,USD,
25/01/2023 00:00,1937.55,1947.31,1920.22,1947.31,0,USD,
24/01/2023 00:00,1931.4,1942.27,1918.02,1937.89,0,USD,
23/01/2023 00:00,1924.68,1935.34,1912.12,1930.99,0,USD,
20/01/2023 00:00,1932.42,1937.18,1920.62,1926.96,0,USD,
19/01/2023 00:00,1903.48,1934.98,1900.92,1932.26,0,USD,
18/01/2023 00:00,1908.34,1925.53,1896.44,1904.04,0,USD,
17/01/2023 00:00,1916.55,1918.74,1903.55,1908.91,0,USD,
16/01/2023 00:00,1918.83,1928.66,1910.9,1916.74,0,USD,
13/01/2023 00:00,1895.79,1921.67,1892.16,1919.69,0,USD,
12/01/2023 00:00,1876.73,1901.34,1875.66,1897.02,0,USD,
11/01/2023 00:00,1877.42,1886.59,1867.15,1876.61,0,USD,
10/01/2023 00:00,1870.76,1880.38,1867.71,1877.34,0,USD,
09/01/2023 00:00,1867.05,1880.9,1865.92,1870.93,0,USD,
06/01/2023 00:00,1831.97,1869.72,1831.36,1865.68,0,USD,
05/01/2023 00:00,1854.5,1858.76,1825.08,1832.82,0,USD,
04/01/2023 00:00,1838.61,1864.61,1836.34,1855.21,0,USD,
03/01/2023 00:00,1828.53,1849.95,1824.48,1839.29,0,USD,
02/01/2023 00:00,1823.7,1826.73,1823.7,1823.76,0,USD,
30/12/2022 00:00,1814.32,1825.85,1813.43,1823.85,0,USD,
29/12/2022 00:00,1805.24,1819.83,1804.27,1814.54,0,USD,
28/12/2022 00:00,1813.77,1814.49,1796.99,1804.58,0,USD,
23/12/2022 00:00,1793.01,1802.88,1790.97,1797.98,0,USD,
22/12/2022 00:00,1814.04,1820.45,1784.74,1792.44,0,USD,
21/12/2022 00:00,1817.8,1823.5,1811.62,1814.57,0,USD,
20/12/2022 00:00,1787.34,1820.45,1784.66,1818.16,0,USD,
19/12/2022 00:00,1792.51,1798.17,1783.93,1787.5,0,USD,
16/12/2022 00:00,1776.26,1794.14,1774.38,1793.25,0,USD,
15/12/2022 00:00,1806.7,1808.58,1774.42,1776.7,0,USD,
14/12/2022 00:00,1810.84,1813.03,1796.53,1807.19,0,USD,
13/12/2022 00:00,1781.24,1814.8,1780.82,1809.91,0,USD,
12/12/2022 00:00,1796.85,1796.85,1777.71,1781.24,0,USD,
09/12/2022 00:00,1789.56,1805.86,1788.28,1796.41,0,USD,
08/12/2022 00:00,1786.13,1794.6,1781.35,1789.02,0,USD,
07/12/2022 00:00,1770.9,1790.3,1768.77,1785.85,0,USD,
06/12/2022 00:00,1767.9,1780.7,1767.12,1771.46,0,USD,
05/12/2022 00:00,1795.3,1809.76,1765.7,1768.35,0,USD,
02/12/2022 00:00,1802.16,1804.4,1790.32,1797.77,0,USD,
01/12/2022 00:00,1770.36,1803.41,1769.52,1802.57,0,USD,
30/11/2022 00:00,1749.0,1769.89,1744.78,1768.68,0,USD,
29/11/2022 00:00,1740.68,1758.73,1740.08,1749.34,0,USD,
28/11/2022 00:00,1754.58,1763.47,1739.52,1741.14,0,USD,
25/11/2022 00:00,1754.93,1760.99,1745.86,1754.58,0,USD,
24/11/2022 00:00,1749.86,1758.58,1749.45,1755.26,0,USD,
23/11/2022 00:00,1740.07,1752.48,1728.5,1749.61,0,USD,
22/11/2022 00:00,1738.72,1749.31,1737.05,1740.06,0,USD,
21/11/2022 00:00,1751.29,1753.04,1732.4,1739.34,0,USD,
18/11/2022 00:00,1760.56,1767.41,1747.45,1748.81,0,USD,
17/11/2022 00:00,1772.97,1774.61,1754.69,1760.84,0,USD,
16/11/2022 00:00,1778.5,1785.0,1770.21,1773.42,0,USD,
15/11/2022 00:00,1770.6,1786.01,1766.97,1778.43,0,USD,
14/11/2022 00:00,1770.7,1774.78,1753.39,1771.68,0,USD,
11/11/2022 00:00,1753.35,1768.42,1747.28,1767.14,0,USD,
10/11/2022 00:00,1705.87,1756.85,1703.67,1755.54,0,USD,
09/11/2022 00:00,1711.09,1722.03,1702.2,1705.62,0,USD,
08/11/2022 00:00,1674.55,1716.8,1664.8,1712.61,0,USD,
07/11/2022 00:00,1675.91,1681.31,1666.81,1674.59,0,USD,
04/11/2022 00:00,1630.05,1681.56,1629.24,1681.27,0,USD,
03/11/2022 00:00,1632.57,1640.7,1616.59,1628.9,0,USD,
02/11/2022 00:00,1646.96,1668.9,1634.83,1635.72,0,USD,
01/11/2022 00:00,1632.95,1656.43,1631.02,1647.68,0,USD,
31/10/2022 00:00,1644.49,1645.38,1631.81,1633.44,0,USD,
28/10/2022 00:00,1661.86,1666.91,1638.29,1644.23,0,USD,
27/10/2022 00:00,1664.38,1670.34,1655.52,1663.27,0,USD,
26/10/2022 00:00,1651.64,1674.48,1649.53,1663.39,0,USD,
25/10/2022 00:00,1650.07,1660.44,1638.23,1652.54,0,USD,
24/10/2022 00:00,1661.84,1669.02,1644.08,1649.59,0,USD,
21/10/2022 00:00,1628.07,1656.91,1618.06,1654.62,0,USD,
20/10/2022 00:00,1629.36,1645.17,1622.44,1627.72,0,USD,
19/10/2022 00:00,1652.34,1654.4,1627.85,1629.04,0,USD,
18/10/2022 00:00,1650.8,1660.78,1646.12,1651.42,0,USD,
17/10/2022 00:00,1644.45,1668.1,1644.2,1649.82,0,USD,
14/10/2022 00:00,1662.18,1671.44,1640.39,1643.55,0,USD,
13/10/2022 00:00,1662.18,1682.05,1643.01,1666.4,0,USD,
12/10/2022 00:00,1662.18,1678.07,1661.85,1672.75,0,USD,
11/10/2022 00:00,1662.18,1683.85,1661.16,1666.38,0,USD,
10/10/2022 00:00,1662.18,1699.78,1665.86,1667.82,0,USD,
07/10/2022 00:00,1662.18,1714.75,1691.03,1694.85,0,USD,
06/10/2022 00:00,1662.18,1725.1,1707.05,1713.05,0,USD,
05/10/2022 00:00,1662.18,1727.61,1702.95,1715.92,0,USD,
04/10/2022 00:00,1662.18,1728.41,1695.49,1726.0,0,USD,
03/10/2022 00:00,1662.18,1701.19,1659.7,1699.44,0,USD,
30/09/2022 00:00,1662.18,1674.9,1659.35,1662.52,0,USD,
29/09/2022 00:00,1659.25,1664.5,1641.53,1659.7,0,USD,
28/09/2022 00:00,1629.47,1662.75,1615.6,1659.08,0,USD,
27/09/2022 00:00,1624.35,1641.62,1623.91,1629.05,0,USD,
26/09/2022 00:00,1674.35,1649.55,1621.5,1621.88,0,USD,
23/09/2022 00:00,1674.35,1675.7,1641.65,1644.14,0,USD,
22/09/2022 00:00,1674.35,1684.55,1656.15,1671.49,0,USD,
21/09/2022 00:00,1674.35,1687.41,1655.96,1673.84,0,USD,
20/09/2022 00:00,1674.35,1679.15,1660.01,1665.04,0,USD,
19/09/2022 00:00,1674.35,1679.95,1659.99,1675.5,0,USD,
16/09/2022 00:00,1718.3,1679.99,1654.43,1672.66,0,USD,
15/09/2022 00:00,1718.3,1698.23,1661.81,1665.04,0,USD,
14/09/2022 00:00,1718.3,1706.7,1693.61,1696.99,0,USD,
13/09/2022 00:00,1718.3,1731.4,1697.33,1702.33,0,USD,
12/09/2022 00:00,1718.3,1733.15,1712.03,1725.13,0,USD,
09/09/2022 00:00,1697.14,1729.23,1708.63,1715.98,0,USD,
08/09/2022 00:00,1697.14,1727.14,1704.1,1708.5,0,USD,
07/09/2022 00:00,1697.14,1718.67,1691.53,1717.98,0,USD,
06/09/2022 00:00,1697.14,1726.15,1699.93,1700.96,0,USD,
05/09/2022 00:00,1697.14,1715.5,1707.85,1710.11,0,USD,
02/09/2022 00:00,1697.14,1717.73,1694.98,1710.45,0,USD,
01/09/2022 00:00,1711.13,1711.43,1689.05,1695.25,0,USD,
31/08/2022 00:00,1723.35,1726.43,1709.73,1710.93,0,USD,
30/08/2022 00:00,1737.94,1740.56,1721.31,1724.35,0,USD,
26/08/2022 00:00,1757.96,1758.62,1734.26,1738.14,0,USD,
25/08/2022 00:00,1751.4,1765.46,1750.12,1757.82,0,USD,
24/08/2022 00:00,1747.48,1754.83,1742.87,1752.31,0,USD,
23/08/2022 00:00,1736.05,1753.5,1731.03,1747.85,0,USD,
22/08/2022 00:00,1747.4,1748.8,1728.01,1735.67,0,USD,
19/08/2022 00:00,1759.19,1759.19,1745.69,1746.96,0,USD,
18/08/2022 00:00,1762.55,1771.9,1756.22,1759.11,0,USD,
17/08/2022 00:00,1775.86,1782.07,1760.17,1763.75,0,USD,
16/08/2022 00:00,1779.19,1782.82,1771.86,1775.36,0,USD,
15/08/2022 00:00,1802.35,1802.35,1773.3,1779.08,0,USD,
12/08/2022 00:00,1789.77,1802.03,1784.93,1800.5,0,USD,
11/08/2022 00:00,1785.64,1798.55,1783.718,1788.83,0,USD,
10/08/2022 00:00,1788.325,1802.505,1787.683,1791.93,0,USD,
09/08/2022 00:00,1786.165,1800.47,1783.662,1794.7,0,USD,
08/08/2022 00:00,1771.85,1790.03,1771.34,1788.525,0,USD,
05/08/2022 00:00,1791.925,1792.777,1765.185,1774.9,0,USD,
04/08/2022 00:00,1771.075,1794.95,1769.19,1791.32,0,USD,
03/08/2022 00:00,1760.9,1772.828,1754.52,1765.285,0,USD,
02/08/2022 00:00,1772.985,1788.079,1760.579,1762.457,0,USD,
01/08/2022 00:00,1760.41,1775.054,1758.527,1771.98,0,USD,
29/07/2022 00:00,1761.13,1767.87,1752.76,1765.595,0,USD,
28/07/2022 00:00,1736.625,1757.09,1735.5,1757.05,0,USD,
27/07/2022 00:00,1714.935,1740.095,1711.795,1734.72,0,USD,
26/07/2022 00:00,1721.665,1727.82,1713.765,1717.39,0,USD,
25/07/2022 00:00,1726.81,1736.243,1714.92,1718.475,0,USD,
22/07/2022 00:00,1713.315,1730.355,1713.315,1726.099,0,USD,
21/07/2022 00:00,1692.335,1720.164,1681.14,1719.48,0,USD,
20/07/2022 00:00,1709.2,1714.385,1692.6,1695.955,0,USD,
19/07/2022 00:00,1708.635,1718.455,1707.495,1711.815,0,USD,
18/07/2022 00:00,1715.31,1723.905,1706.78,1708.885,0,USD,
15/07/2022 00:00,1709.25,1714.07,1699.22,1705.745,0,USD,
14/07/2022 00:00,1728.78,1728.92,1697.702,1710.675,0,USD,
13/07/2022 00:00,1725.735,1745.25,1707.491,1734.59,0,USD,
12/07/2022 00:00,1729.17,1739.37,1724.597,1725.935,0,USD,
11/07/2022 00:00,1742.32,1742.513,1731.31,1733.8,0,USD,
08/07/2022 00:00,1742.075,1752.17,1733.735,1741.58,0,USD,
07/07/2022 00:00,1744.495,1748.93,1738.215,1740.455,0,USD,
06/07/2022 00:00,1766.795,1771.825,1732.421,1738.58,0,USD,
05/07/2022 00:00,1811.347,1811.925,1764.165,1766.365,0,USD,
04/07/2022 00:00,1813.255,1813.49,1804.034,1809.63,0,USD,
01/07/2022 00:00,1802.78,1809.355,1784.672,1807.529,0,USD,
30/06/2022 00:00,1816.13,1824.83,1802.825,1807.39,0,USD,
29/06/2022 00:00,1820.82,1832.745,1812.465,1818.505,0,USD,
28/06/2022 00:00,1825.405,1829.55,1818.455,1819.893,0,USD,
27/06/2022 00:00,1835.63,1840.998,1820.945,1822.92,0,USD,
24/06/2022 00:00,1825.93,1831.618,1817.19,1826.52,0,USD,
23/06/2022 00:00,1833.39,1846.21,1822.693,1824.684,0,USD,
22/06/2022 00:00,1825.8,1847.69,1823.538,1837.583,0,USD,
21/06/2022 00:00,1838.835,1843.61,1828.695,1834.175,0,USD,
20/06/2022 00:00,1842.885,1844.855,1835.62,1838.8,0,USD,
17/06/2022 00:00,1845.985,1852.875,1833.908,1840.57,0,USD,
16/06/2022 00:00,1831.135,1855.095,1816.365,1855.095,0,USD,
15/06/2022 00:00,1815.05,1841.88,1813.265,1835.3,0,USD,
14/06/2022 00:00,1824.38,1831.51,1805.215,1808.27,0,USD,
13/06/2022 00:00,1864.205,1866.8,1819.19,1820.67,0,USD,
10/06/2022 00:00,1843.415,1875.845,1825.544,1871.693,0,USD,
09/06/2022 00:00,1853.22,1855.105,1840.195,1847.963,0,USD,
08/06/2022 00:00,1847.15,1859.705,1844.77,1850.85,0,USD,
07/06/2022 00:00,1842.235,1855.5,1838.53,1852.435,0,USD,
06/06/2022 00:00,1855.645,1857.715,1840.87,1842.275,0,USD,
01/06/2022 00:00,1833.125,1850.003,1828.65,1847.068,0,USD,
31/05/2022 00:00,1851.985,1857.215,1835.295,1837.705,0,USD,
30/05/2022 00:00,1862.265,1863.968,1853.51,1856.57,0,USD,
27/05/2022 00:00,1854.003,1861.955,1851.25,1853.755,0,USD,
26/05/2022 00:00,1845.7,1853.828,1841.215,1851.88,0,USD,
25/05/2022 00:00,1862.8,1863.34,1842.025,1853.84,0,USD,
24/05/2022 00:00,1855.998,1869.735,1850.485,1867.025,0,USD,
23/05/2022 00:00,1853.09,1865.258,1847.19,1853.19,0,USD,
20/05/2022 00:00,1841.755,1849.46,1832.675,1845.407,0,USD,
19/05/2022 00:00,1814.063,1849.09,1811.02,1841.635,0,USD,
18/05/2022 00:00,1808.895,1824.715,1807.615,1816.445,0,USD,
17/05/2022 00:00,1824.4,1836.12,1813.025,1813.395,0,USD,
16/05/2022 00:00,1807.83,1826.88,1787.245,1822.65,0,USD,
13/05/2022 00:00,1826.245,1828.825,1799.355,1810.73,0,USD,
12/05/2022 00:00,1852.025,1854.195,1821.6,1823.545,0,USD,
11/05/2022 00:00,1839.025,1858.01,1835.66,1852.275,0,USD,
10/05/2022 00:00,1862.98,1865.44,1835.495,1837.885,0,USD,
09/05/2022 00:00,1872.55,1873.86,1851.97,1852.835,0,USD,
06/05/2022 00:00,1875.945,1892.585,1873.245,1882.375,0,USD,
05/05/2022 00:00,1901.53,1909.785,1872.781,1878.48,0,USD,
04/05/2022 00:00,1866.05,1889.445,1861.505,1884.06,0,USD,
03/05/2022 00:00,1858.01,1878.17,1850.523,1867.39,0,USD,
29/04/2022 00:00,1907.765,1919.657,1894.605,1897.39,0,USD,
28/04/2022 00:00,1877.505,1896.785,1872.285,1895.045,0,USD,
27/04/2022 00:00,1898.045,1906.95,1881.41,1886.015,0,USD,
26/04/2022 00:00,1903.745,1911.18,1895.83,1905.375,0,USD,
25/04/2022 00:00,1916.615,1921.15,1891.905,1897.66,0,USD,
22/04/2022 00:00,1952.425,1955.595,1926.889,1932.11,0,USD,
21/04/2022 00:00,1950.95,1954.12,1936.865,1951.225,0,USD,
20/04/2022 00:00,1943.63,1958.09,1939.387,1956.96,0,USD,
19/04/2022 00:00,1974.545,1981.958,1944.178,1950.025,0,USD,
14/04/2022 00:00,1973.866,1979.863,1961.375,1972.205,0,USD,
13/04/2022 00:00,1967.905,1981.565,1965.788,1976.95,0,USD,
12/04/2022 00:00,1958.66,1978.52,1949.925,1964.76,0,USD,
11/04/2022 00:00,1940.46,1969.043,1940.237,1953.95,0,USD,
08/04/2022 00:00,1928.72,1948.148,1928.22,1945.14,0,USD,
07/04/2022 00:00,1921.6,1937.73,1920.855,1931.69,0,USD,
06/04/2022 00:00,1921.54,1933.21,1915.17,1924.995,0,USD,
05/04/2022 00:00,1928.5,1944.465,1918.225,1923.075,0,USD,
04/04/2022 00:00,1918.02,1936.82,1917.18,1932.52,0,USD,
01/04/2022 00:00,1937.505,1939.255,1918.078,1923.98,0,USD,
31/03/2022 00:00,1921.438,1949.74,1919.4,1937.585,0,USD,
30/03/2022 00:00,1919.535,1938.395,1917.225,1933.4,0,USD,
29/03/2022 00:00,1922.41,1925.12,1890.465,1918.958,0,USD,
28/03/2022 00:00,1941.9,1945.62,1917.09,1922.7,0,USD,
25/03/2022 00:00,1958.15,1961.725,1943.68,1958.205,0,USD,
24/03/2022 00:00,1939.48,1965.78,1938.125,1957.49,0,USD,
23/03/2022 00:00,1919.4,1948.36,1917.068,1943.66,0,USD,
22/03/2022 00:00,1936.27,1938.31,1911.275,1921.73,0,USD,
21/03/2022 00:00,1923.82,1940.05,1918.01,1935.87,0,USD,
18/03/2022 00:00,1933.1,1940.805,1918.195,1921.9,0,USD,
17/03/2022 00:00,1931.4,1949.805,1930.535,1942.9,0,USD,
16/03/2022 00:00,1918.07,1929.53,1895.405,1927.76,0,USD,
15/03/2022 00:00,1930.735,1935.425,1907.325,1918.42,0,USD,
14/03/2022 00:00,1973.485,1978.47,1950.015,1951.02,0,USD,
11/03/2022 00:00,1996.43,1996.43,1958.888,1987.45,0,USD,
10/03/2022 00:00,1984.515,2009.06,1974.675,1996.12,0,USD,
09/03/2022 00:00,2048.22,2052.457,1976.495,1995.905,0,USD,
08/03/2022 00:00,1993.7,2070.245,1993.43,2051.807,0,USD,
07/03/2022 00:00,1980.53,2002.56,1961.235,1997.955,0,USD,
04/03/2022 00:00,1935.695,1970.215,1934.09,1969.245,0,USD,
03/03/2022 00:00,1925.315,1941.305,1923.81,1937.46,0,USD,
02/03/2022 00:00,1945.21,1947.895,1915.07,1927.85,0,USD,
01/03/2022 00:00,1909.65,1949.935,1904.715,1941.275,0,USD,
28/02/2022 00:00,1896.31,1917.795,1891.045,1907.205,0,USD,
25/02/2022 00:00,1916.715,1921.385,1883.245,1887.63,0,USD,
24/02/2022 00:00,1908.61,1974.011,1880.845,1902.413,0,USD,
23/02/2022 00:00,1896.26,1910.46,1889.84,1908.228,0,USD,
22/02/2022 00:00,1906.43,1913.32,1891.505,1899.26,0,USD,
21/02/2022 00:00,1895.4,1906.065,1887.735,1905.67,0,USD,
18/02/2022 00:00,1898.35,1900.004,1886.71,1898.615,0,USD,
17/02/2022 00:00,1869.75,1901.105,1869.75,1897.99,0,USD,
16/02/2022 00:00,1853.65,1872.595,1851.678,1868.055,0,USD,
15/02/2022 00:00,1878.295,1879.6,1844.785,1853.55,0,USD,
14/02/2022 00:00,1854.73,1874.065,1851.005,1870.855,0,USD,
11/02/2022 00:00,1826.93,1865.39,1821.285,1862.565,0,USD,
10/02/2022 00:00,1833.2,1841.98,1821.9,1826.25,0,USD,
09/02/2022 00:00,1827.46,1835.76,1825.04,1832.875,0,USD,
08/02/2022 00:00,1820.38,1828.85,1815.4,1825.935,0,USD,
07/02/2022 00:00,1810.493,1823.596,1808.785,1821.235,0,USD,
04/02/2022 00:00,1804.85,1814.945,1792.32,1808.03,0,USD,
03/02/2022 00:00,1806.9,1807.655,1788.785,1804.775,0,USD,
02/02/2022 00:00,1798.46,1810.81,1794.54,1807.005,0,USD,
01/02/2022 00:00,1796.93,1808.845,1796.93,1801.475,0,USD,
31/01/2022 00:00,1788.605,1799.815,1786.07,1798.855,0,USD,
28/01/2022 00:00,1797.35,1798.43,1780.345,1790.84,0,USD,
27/01/2022 00:00,1812.607,1816.886,1791.965,1796.22,0,USD,
26/01/2022 00:00,1847.53,1848.715,1815.3,1816.822,0,USD,
25/01/2022 00:00,1841.77,1853.9,1835.109,1847.81,0,USD,
24/01/2022 00:00,1839.278,1844.279,1829.7,1843.255,0,USD,
21/01/2022 00:00,1839.42,1843.232,1828.59,1833.525,0,USD,
20/01/2022 00:00,1840.75,1847.842,1836.175,1838.34,0,USD,
19/01/2022 00:00,1813.81,1843.33,1811.32,1840.34,0,USD,
18/01/2022 00:00,1819.55,1820.1,1805.922,1813.34,0,USD,
17/01/2022 00:00,1817.7,1823.23,1817.7,1819.55,0,USD,
14/01/2022 00:00,1822.89,1829.18,1814.77,1817.095,0,USD,
13/01/2022 00:00,1826.3,1827.64,1812.575,1822.51,0,USD,
12/01/2022 00:00,1821.65,1828.063,1814.865,1826.835,0,USD,
11/01/2022 00:00,1801.675,1823.22,1801.675,1822.76,0,USD,
10/01/2022 00:00,1796.375,1802.355,1790.5,1801.475,0,USD,
07/01/2022 00:00,1790.77,1798.635,1782.85,1795.53,0,USD,
06/01/2022 00:00,1810.19,1810.19,1786.502,1788.975,0,USD,
05/01/2022 00:00,1814.5,1829.665,1808.385,1809.235,0,USD,
04/01/2022 00:00,1801.43,1816.74,1799.225,1814.32,0,USD,
03/01/2022 00:00,1825.3,1827.578,1798.495,1801.835,0,USD,
31/12/2021 00:00,1821.9,1821.9,1821.9,1821.9,0,USD,
30/12/2021 00:00,1804.465,1804.72,1796.285,1802.27,0,USD,
29/12/2021 00:00,1805.92,1807.475,1789.54,1804.44,0,USD,
28/12/2021 00:00,1812.15,1820.145,1805.1,1805.38,0,USD,
27/12/2021 00:00,1809.755,1813.46,1803.134,1811.7,0,USD,
23/12/2021 00:00,1803.61,1810.74,1799.04,1808.45,0,USD,
22/12/2021 00:00,1788.92,1805.058,1785.965,1803.82,0,USD,
21/12/2021 00:00,1790.74,1800.485,1784.995,1788.755,0,USD,
20/12/2021 00:00,1797.955,1804.2,1788.41,1790.0,0,USD,
17/12/2021 00:00,1799.345,1814.27,1795.885,1798.335,0,USD,
16/12/2021 00:00,1777.019,1799.25,1777.019,1798.685,0,USD,
15/12/2021 00:00,1769.49,1780.88,1753.96,1777.1,0,USD,
14/12/2021 00:00,1786.52,1788.5,1766.75,1771.0,0,USD,
13/12/2021 00:00,1785.115,1791.165,1782.075,1786.602,0,USD,
10/12/2021 00:00,1775.0,1789.64,1770.0,1782.5,0,USD,
09/12/2021 00:00,1783.105,1787.63,1773.815,1775.33,0,USD,
08/12/2021 00:00,1784.15,1793.089,1779.785,1782.93,0,USD,
07/12/2021 00:00,1781.935,1787.705,1772.542,1784.55,0,USD,
06/12/2021 00:00,1783.475,1786.115,1776.365,1778.465,0,USD,
03/12/2021 00:00,1775.07,1786.12,1766.1,1784.08,0,USD,
02/12/2021 00:00,1782.04,1782.04,1762.095,1768.775,0,USD,
01/12/2021 00:00,1774.65,1792.035,1774.65,1782.47,0,USD,
30/11/2021 00:00,1784.99,1808.627,1769.985,1772.38,0,USD,
29/11/2021 00:00,1792.6,1799.45,1781.6,1784.635,0,USD,
26/11/2021 00:00,1788.7,1815.48,1780.89,1792.28,0,USD,
25/11/2021 00:00,1788.7,1795.14,1787.99,1788.69,0,USD,
24/11/2021 00:00,1789.16,1796.395,1778.805,1789.475,0,USD,
23/11/2021 00:00,1808.285,1809.825,1782.117,1790.945,0,USD,
22/11/2021 00:00,1845.739,1847.113,1802.56,1805.42,0,USD,
19/11/2021 00:00,1858.85,1865.435,1843.32,1846.9,0,USD,
18/11/2021 00:00,1866.345,1869.715,1855.373,1859.455,0,USD,
17/11/2021 00:00,1850.53,1868.035,1850.53,1866.99,0,USD,
16/11/2021 00:00,1862.95,1877.145,1849.6,1849.92,0,USD,
15/11/2021 00:00,1864.85,1870.195,1856.445,1863.125,0,USD,
12/11/2021 00:00,1862.08,1868.548,1845.387,1864.268,0,USD,
11/11/2021 00:00,1854.21,1865.968,1851.93,1862.08,0,USD,
10/11/2021 00:00,1831.91,1868.345,1822.794,1851.705,0,USD,
09/11/2021 00:00,1824.0,1832.751,1819.36,1831.673,0,USD,
08/11/2021 00:00,1817.7,1826.47,1812.55,1824.65,0,USD,
05/11/2021 00:00,1791.125,1818.34,1785.365,1817.7,0,USD,
04/11/2021 00:00,1770.595,1798.87,1770.595,1791.98,0,USD,
03/11/2021 00:00,1787.72,1787.72,1759.647,1769.79,0,USD,
02/11/2021 00:00,1793.075,1796.465,1786.2,1787.69,0,USD,
01/11/2021 00:00,1783.505,1795.87,1781.085,1793.3,0,USD,
29/10/2021 00:00,1798.89,1799.08,1772.158,1782.61,0,USD,
28/10/2021 00:00,1796.73,1810.422,1792.825,1798.745,0,USD,
27/10/2021 00:00,1792.845,1799.065,1783.605,1797.2,0,USD,
26/10/2021 00:00,1806.912,1806.912,1782.448,1793.638,0,USD,
25/10/2021 00:00,1792.355,1810.005,1792.355,1806.715,0,USD,
22/10/2021 00:00,1782.8,1813.775,1782.8,1793.045,0,USD,
21/10/2021 00:00,1782.22,1787.91,1776.57,1782.567,0,USD,
20/10/2021 00:00,1769.29,1788.45,1769.29,1781.795,0,USD,
19/10/2021 00:00,1764.91,1785.145,1764.91,1769.45,0,USD,
18/10/2021 00:00,1767.61,1771.18,1760.39,1764.378,0,USD,
15/10/2021 00:00,1794.55,1794.55,1764.89,1767.0,0,USD,
14/10/2021 00:00,1792.95,1800.44,1789.96,1795.825,0,USD,
13/10/2021 00:00,1759.9,1796.075,1758.03,1792.98,0,USD,
12/10/2021 00:00,1753.9,1769.325,1753.9,1760.34,0,USD,
11/10/2021 00:00,1757.275,1760.21,1750.26,1753.815,0,USD,
08/10/2021 00:00,1755.985,1781.355,1754.475,1756.535,0,USD,
07/10/2021 00:00,1762.825,1766.96,1752.06,1754.98,0,USD,
06/10/2021 00:00,1760.0,1765.165,1746.04,1763.74,0,USD,
05/10/2021 00:00,1769.4,1769.4,1749.16,1759.735,0,USD,
04/10/2021 00:00,1760.8,1770.43,1747.7,1768.19,0,USD,
01/10/2021 00:00,1756.95,1764.285,1749.915,1759.95,0,USD,
30/09/2021 00:00,1727.2,1764.224,1722.385,1757.3,0,USD,
29/09/2021 00:00,1734.3,1745.58,1721.765,1725.94,0,USD,
28/09/2021 00:00,1750.8,1751.892,1728.25,1733.705,0,USD,
27/09/2021 00:00,1750.5,1760.75,1744.905,1750.55,0,USD,
24/09/2021 00:00,1742.785,1757.683,1740.643,1747.89,0,USD,
23/09/2021 00:00,1768.1,1776.34,1738.225,1740.595,0,USD,
22/09/2021 00:00,1774.375,1787.219,1765.45,1767.255,0,USD,
21/09/2021 00:00,1764.265,1781.71,1758.055,1774.32,0,USD,
20/09/2021 00:00,1748.665,1767.015,1747.8,1765.498,0,USD,
17/09/2021 00:00,1753.4,1767.51,1747.531,1752.94,0,USD,
16/09/2021 00:00,1794.005,1794.005,1745.73,1752.575,0,USD,
15/09/2021 00:00,1804.1,1806.75,1790.6,1793.83,0,USD,
14/09/2021 00:00,1793.7,1808.765,1782.577,1805.31,0,USD,
13/09/2021 00:00,1787.66,1798.265,1785.885,1793.45,0,USD,
10/09/2021 00:00,1794.5,1803.857,1787.345,1788.345,0,USD,
09/09/2021 00:00,1788.045,1800.975,1784.23,1794.145,0,USD,
08/09/2021 00:00,1793.8,1802.175,1782.721,1789.59,0,USD,
07/09/2021 00:00,1823.275,1823.275,1792.585,1793.71,0,USD,
06/09/2021 00:00,1827.1,1828.35,1821.2,1823.3,0,USD,
03/09/2021 00:00,1809.735,1834.0,1809.735,1828.055,0,USD,
02/09/2021 00:00,1814.2,1817.125,1805.175,1809.615,0,USD,
01/09/2021 00:00,1813.56,1819.987,1808.77,1814.055,0,USD,
31/08/2021 00:00,1810.0,1819.2,1801.907,1815.205,0,USD,
30/08/2021 00:00,1817.095,1818.145,1807.77,1809.535,0,USD,
27/08/2021 00:00,1799.925,1819.239,1786.331,1818.28,0,USD,
26/08/2021 00:00,1790.38,1798.234,1780.135,1791.87,0,USD,
25/08/2021 00:00,1802.91,1802.91,1782.65,1790.09,0,USD,
24/08/2021 00:00,1805.345,1809.51,1800.83,1803.685,0,USD,
23/08/2021 00:00,1787.575,1806.35,1784.415,1804.955,0,USD,
20/08/2021 00:00,1779.5,1788.445,1778.515,1781.645,0,USD,
19/08/2021 00:00,1787.0,1792.15,1775.89,1780.285,0,USD,
18/08/2021 00:00,1785.8,1793.84,1777.415,1786.9,0,USD,
17/08/2021 00:00,1787.332,1795.4,1780.715,1785.275,0,USD,
16/08/2021 00:00,1779.86,1789.235,1770.9,1787.27,0,USD,
13/08/2021 00:00,1752.875,1779.295,1752.875,1778.324,0,USD,
12/08/2021 00:00,1750.9,1758.185,1741.985,1752.9,0,USD,
11/08/2021 00:00,1729.0,1754.435,1729.0,1752.4,0,USD,
10/08/2021 00:00,1729.4,1738.275,1717.91,1728.63,0,USD,
09/08/2021 00:00,1763.0,1763.0,1724.015,1730.09,0,USD,
06/08/2021 00:00,1804.5,1804.5,1758.81,1761.675,0,USD,
05/08/2021 00:00,1812.0,1814.88,1798.0,1804.29,0,USD,
04/08/2021 00:00,1810.675,1831.755,1806.695,1812.015,0,USD,
03/08/2021 00:00,1810.62,1815.025,1807.29,1810.585,0,USD,
02/08/2021 00:00,1814.01,1819.57,1805.9,1813.295,0,USD,
30/07/2021 00:00,1828.1,1831.27,1810.34,1813.969,0,USD,
29/07/2021 00:00,1806.5,1832.685,1806.5,1828.06,0,USD,
28/07/2021 00:00,1804.93,1809.84,1793.39,1807.575,0,USD,
27/07/2021 00:00,1797.575,1805.29,1793.71,1799.545,0,USD,
26/07/2021 00:00,1802.225,1811.515,1796.47,1798.44,0,USD,
23/07/2021 00:00,1806.9,1810.415,1790.665,1801.91,0,USD,
22/07/2021 00:00,1804.0,1808.105,1792.875,1806.325,0,USD,
21/07/2021 00:00,1810.2,1813.789,1794.85,1803.64,0,USD,
20/07/2021 00:00,1813.4,1824.869,1805.24,1810.105,0,USD,
19/07/2021 00:00,1811.8,1815.71,1795.16,1812.575,0,USD,
16/07/2021 00:00,1829.4,1829.4,1809.205,1811.31,0,USD,
15/07/2021 00:00,1827.3,1833.89,1820.36,1829.44,0,USD,
14/07/2021 00:00,1808.2,1829.75,1808.2,1827.77,0,USD,
13/07/2021 00:00,1806.6,1816.925,1798.876,1807.525,0,USD,
12/07/2021 00:00,1802.715,1807.575,1791.88,1805.86,0,USD,
09/07/2021 00:00,1802.845,1812.42,1796.745,1808.295,0,USD,
08/07/2021 00:00,1797.485,1818.34,1794.8,1802.8,0,USD,
07/07/2021 00:00,1797.6,1809.65,1797.11,1803.785,0,USD,
06/07/2021 00:00,1791.875,1815.037,1790.235,1797.135,0,USD,
05/07/2021 00:00,1787.535,1794.215,1784.5,1791.875,0,USD,
02/07/2021 00:00,1776.4,1795.055,1774.42,1788.1,0,USD,
01/07/2021 00:00,1770.3,1782.775,1768.55,1776.815,0,USD,
30/06/2021 00:00,1761.0,1774.42,1753.455,1769.925,0,USD,
29/06/2021 00:00,1778.38,1779.035,1751.335,1761.455,0,USD,
28/06/2021 00:00,1781.3,1785.812,1773.55,1778.695,0,USD,
25/06/2021 00:00,1775.125,1790.255,1775.125,1779.9,0,USD,
24/06/2021 00:00,1778.9,1788.005,1773.6,1775.025,0,USD,
23/06/2021 00:00,1782.12,1794.92,1773.45,1777.43,0,USD,
22/06/2021 00:00,1783.2,1787.865,1772.73,1778.025,0,USD,
21/06/2021 00:00,1764.3,1786.49,1764.3,1783.055,0,USD,
18/06/2021 00:00,1773.4,1796.882,1761.262,1763.35,0,USD,
17/06/2021 00:00,1812.6,1819.59,1767.4,1772.6,0,USD,
16/06/2021 00:00,1858.1,1863.305,1820.775,1821.325,0,USD,
15/06/2021 00:00,1866.2,1869.08,1851.85,1859.235,0,USD,
14/06/2021 00:00,1877.58,1877.58,1844.84,1865.805,0,USD,
11/06/2021 00:00,1897.8,1903.026,1874.69,1876.272,0,USD,
10/06/2021 00:00,1888.8,1899.385,1870.677,1898.752,0,USD,
09/06/2021 00:00,1892.872,1898.92,1887.415,1888.725,0,USD,
08/06/2021 00:00,1898.98,1903.52,1884.234,1893.285,0,USD,
07/06/2021 00:00,1891.485,1900.125,1881.62,1899.267,0,USD,
04/06/2021 00:00,1870.3,1896.165,1865.655,1891.085,0,USD,
03/06/2021 00:00,1907.7,1907.7,1865.505,1870.875,0,USD,
02/06/2021 00:00,1900.4,1909.098,1894.4,1908.315,0,USD,
01/06/2021 00:00,1908.175,1916.61,1892.544,1899.765,0,USD,
31/05/2021 00:00,1903.445,1908.175,1902.185,1908.175,0,USD,
28/05/2021 00:00,1892.895,1905.795,1882.6,1903.809,0,USD,
27/05/2021 00:00,1896.51,1903.675,1888.65,1897.32,0,USD,
26/05/2021 00:00,1899.1,1912.787,1890.875,1896.38,0,USD,
25/05/2021 00:00,1879.95,1900.345,1873.38,1899.805,0,USD,
24/05/2021 00:00,1884.755,1886.334,1875.337,1882.77,0,USD,
21/05/2021 00:00,1877.5,1889.455,1870.277,1880.82,0,USD,
20/05/2021 00:00,1869.5,1883.903,1865.3,1877.325,0,USD,
19/05/2021 00:00,1868.085,1889.885,1852.414,1869.915,0,USD,
18/05/2021 00:00,1865.7,1875.005,1863.432,1869.8,0,USD,
17/05/2021 00:00,1854.36,1868.53,1844.132,1866.09,0,USD,
14/05/2021 00:00,1826.4,1843.637,1822.684,1843.235,0,USD,
13/05/2021 00:00,1816.4,1828.68,1809.002,1826.85,0,USD,
12/05/2021 00:00,1830.945,1843.619,1813.7,1815.05,0,USD,
11/05/2021 00:00,1835.9,1841.842,1818.235,1837.125,0,USD,
10/05/2021 00:00,1831.275,1845.265,1831.275,1836.355,0,USD,
07/05/2021 00:00,1819.52,1843.335,1817.395,1830.525,0,USD,
06/05/2021 00:00,1786.0,1818.051,1786.0,1815.37,0,USD,
05/05/2021 00:00,1780.68,1787.645,1770.6,1787.47,0,USD,
04/05/2021 00:00,1792.3,1798.909,1771.21,1779.33,0,USD,
03/05/2021 00:00,1774.595,1797.735,1769.13,1792.985,0,USD,
30/04/2021 00:00,1770.8,1773.3,1764.307,1768.72,0,USD,
29/04/2021 00:00,1785.16,1785.842,1756.265,1772.55,0,USD,
28/04/2021 00:00,1771.065,1782.6,1762.82,1782.15,0,USD,
27/04/2021 00:00,1780.4,1785.454,1775.3,1776.115,0,USD,
26/04/2021 00:00,1777.46,1783.54,1768.933,1781.3,0,USD,
23/04/2021 00:00,1785.175,1795.915,1770.12,1776.664,0,USD,
22/04/2021 00:00,1793.485,1794.745,1777.52,1783.425,0,USD,
21/04/2021 00:00,1781.565,1797.685,1777.829,1794.19,0,USD,
20/04/2021 00:00,1770.3,1780.44,1763.69,1779.265,0,USD,
19/04/2021 00:00,1778.02,1790.134,1766.845,1770.525,0,USD,
16/04/2021 00:00,1763.835,1783.8,1761.635,1775.94,0,USD,
15/04/2021 00:00,1737.0,1769.62,1737.0,1764.18,0,USD,
14/04/2021 00:00,1745.407,1748.585,1732.705,1737.095,0,USD,
13/04/2021 00:00,1733.4,1748.942,1723.817,1745.685,0,USD,
12/04/2021 00:00,1743.675,1744.905,1727.78,1732.345,0,USD,
09/04/2021 00:00,1755.425,1755.425,1731.33,1742.975,0,USD,
08/04/2021 00:00,1740.11,1758.68,1739.654,1756.469,0,USD,
07/04/2021 00:00,1739.055,1743.22,1730.74,1736.71,0,USD,
06/04/2021 00:00,1729.425,1745.46,1727.885,1743.5,0,USD,
01/04/2021 00:00,1711.205,1730.165,1710.275,1729.53,0,USD,
31/03/2021 00:00,1685.005,1715.38,1678.945,1707.9,0,USD,
30/03/2021 00:00,1712.3,1712.3,1678.964,1683.47,0,USD,
29/03/2021 00:00,1732.695,1732.695,1706.07,1710.945,0,USD,
26/03/2021 00:00,1728.095,1736.75,1721.68,1732.695,0,USD,
25/03/2021 00:00,1735.11,1745.5,1722.137,1727.4,0,USD,
24/03/2021 00:00,1727.275,1738.47,1727.275,1734.965,0,USD,
23/03/2021 00:00,1737.61,1742.445,1724.78,1728.0,0,USD,
22/03/2021 00:00,1743.95,1743.95,1727.46,1738.8,0,USD,
19/03/2021 00:00,1734.6,1746.05,1732.15,1743.95,0,USD,
18/03/2021 00:00,1746.035,1752.915,1717.0,1734.2,0,USD,
17/03/2021 00:00,1735.495,1751.58,1724.625,1745.1,0,USD,
16/03/2021 00:00,1732.105,1741.145,1726.378,1730.6,0,USD,
15/03/2021 00:00,1727.605,1734.55,1722.265,1731.6,0,USD,
12/03/2021 00:00,1722.7,1725.4,1699.55,1724.772,0,USD,
11/03/2021 00:00,1726.695,1739.925,1719.405,1723.478,0,USD,
10/03/2021 00:00,1712.63,1726.26,1708.365,1725.325,0,USD,
09/03/2021 00:00,1684.9,1720.59,1680.09,1717.105,0,USD,
08/03/2021 00:00,1707.2,1713.99,1677.1,1681.3,0,USD,
05/03/2021 00:00,1696.55,1707.25,1687.4,1701.2,0,USD,
04/03/2021 00:00,1711.4,1722.75,1690.7,1699.59,0,USD,
03/03/2021 00:00,1738.3,1740.65,1702.1,1714.2,0,USD,
02/03/2021 00:00,1723.45,1738.55,1707.65,1735.85,0,USD,
01/03/2021 00:00,1739.45,1759.8,1719.8,1725.7,0,USD,
26/02/2021 00:00,1772.05,1775.85,1717.35,1732.9,0,USD,
25/02/2021 00:00,1803.25,1804.45,1765.45,1773.3,0,USD,
24/02/2021 00:00,1806.7,1813.85,1783.6,1803.625,0,USD,
23/02/2021 00:00,1810.0,1815.95,1795.8,1804.825,0,USD,
22/02/2021 00:00,1787.4,1812.7,1780.8,1807.95,0,USD,
19/02/2021 00:00,1776.5,1791.55,1760.5,1782.575,0,USD,
18/02/2021 00:00,1776.6,1789.05,1768.4,1776.25,0,USD,
17/02/2021 00:00,1792.4,1795.25,1769.55,1775.725,0,USD,
16/02/2021 00:00,1819.65,1826.5,1789.42,1794.45,0,USD,
15/02/2021 00:00,1822.43,1827.1,1816.15,1818.85,0,USD,
12/02/2021 00:00,1826.55,1830.8,1810.65,1822.45,0,USD,
11/02/2021 00:00,1844.1,1847.6,1821.0,1826.575,0,USD,
10/02/2021 00:00,1838.75,1855.4,1834.2,1842.225,0,USD,
09/02/2021 00:00,1832.2,1832.2,1813.8,1836.5,0,USD,
08/02/2021 00:00,1832.2,1832.2,1813.8,1832.9,0,USD,
05/02/2021 00:00,1832.2,1832.2,1813.8,1812.1,0,USD,
04/02/2021 00:00,1832.2,1832.2,1813.8,1791.3,0,USD,
03/02/2021 00:00,1801.4,1803.8,1801.4,1833.9,0,USD,
02/02/2021 00:00,1801.4,1803.8,1801.4,1833.1,0,USD,
01/02/2021 00:00,1801.4,1803.8,1801.4,1861.8,0,USD,
29/01/2021 00:00,1801.4,1803.8,1801.4,1848.7,0,USD,
28/01/2021 00:00,1801.4,1803.8,1801.4,1839.6,0,USD,
27/01/2021 00:00,1801.4,1803.8,1801.4,1846.6,0,USD,
26/01/2021 00:00,1801.4,1803.8,1801.4,1852.2,0,USD,
25/01/2021 00:00,1801.4,1803.8,1801.4,1856.3,0,USD,
22/01/2021 00:00,1801.4,1803.8,1801.4,1856.6,0,USD,
21/01/2021 00:00,1801.4,1803.8,1801.4,1866.3,0,USD,
20/01/2021 00:00,1801.4,1803.8,1801.4,1866.6,0,USD,
19/01/2021 00:00,1801.4,1803.8,1801.4,1841.0,0,USD,
18/01/2021 00:00,1801.4,1803.8,1801.4,1830.1,0,USD,
15/01/2021 00:00,1801.4,1803.8,1801.4,1830.1,0,USD,
14/01/2021 00:00,1801.4,1803.8,1801.4,1853.0,0,USD,
13/01/2021 00:00,1801.4,1803.8,1801.4,1855.5,0,USD,
12/01/2021 00:00,1801.4,1803.8,1801.4,1844.3,0,USD,
11/01/2021 00:00,1801.4,1803.8,1801.4,1851.0,0,USD,
08/01/2021 00:00,1801.4,1803.8,1801.4,1835.7,0,USD,
07/01/2021 00:00,1801.4,1803.8,1801.4,1913.1,0,USD,
06/01/2021 00:00,1801.4,1803.8,1801.4,1907.4,0,USD,
05/01/2021 00:00,1801.4,1803.8,1801.4,1951.6,0,USD,
04/01/2021 00:00,1801.4,1803.8,1801.4,1942.4,0,USD,
31/12/2020 00:00,1801.4,1803.8,1801.4,1891.6,0,USD,
30/12/2020 00:00,1801.4,1803.8,1801.4,1889.0,0,USD,
29/12/2020 00:00,1801.4,1803.8,1801.4,1878.7,0,USD,
28/12/2020 00:00,1801.4,1803.8,1801.4,1874.0,0,USD,
24/12/2020 00:00,1801.4,1803.8,1801.4,1874.0,0,USD,
23/12/2020 00:00,1801.4,1803.8,1801.4,1874.0,0,USD,
22/12/2020 00:00,1801.4,1803.8,1801.4,1865.9,0,USD,
21/12/2020 00:00,1801.4,1803.8,1801.4,1878.3,0,USD,
18/12/2020 00:00,1801.4,1803.8,1801.4,1883.7,0,USD,
17/12/2020 00:00,1801.4,1803.8,1801.4,1885.4,0,USD,
16/12/2020 00:00,1801.4,1803.8,1801.4,1855.5,0,USD,
15/12/2020 00:00,1801.4,1803.8,1801.4,1852.2,0,USD,
14/12/2020 00:00,1801.4,1803.8,1801.4,1828.9,0,USD,
11/12/2020 00:00,1801.4,1803.8,1801.4,1839.5,0,USD,
10/12/2020 00:00,1801.4,1803.8,1801.4,1833.8,0,USD,
09/12/2020 00:00,1801.4,1803.8,1801.4,1836.4,0,USD,
08/12/2020 00:00,1801.4,1803.8,1801.4,1870.4,0,USD,
07/12/2020 00:00,1801.4,1803.8,1801.4,1862.0,0,USD,
04/12/2020 00:00,1801.4,1803.8,1801.4,1836.6,0,USD,
03/12/2020 00:00,1801.4,1803.8,1801.4,1837.8,0,USD,
02/12/2020 00:00,1801.4,1803.8,1801.4,1826.9,0,USD,
01/12/2020 00:00,1801.4,1803.8,1801.4,1815.2,0,USD,
30/11/2020 00:00,1801.4,1803.8,1801.4,1778.2,0,USD,
27/11/2020 00:00,1801.4,1803.8,1801.4,1808.0,0,USD,
26/11/2020 00:00,1801.4,1803.8,1801.4,1805.7,0,USD,
25/11/2020 00:00,1801.4,1803.8,1801.4,1805.7,0,USD,
24/11/2020 00:00,1955.6,1963.2,1847.1,1806.9,0,USD,
23/11/2020 00:00,1955.6,1963.2,1847.1,1840.1,0,USD,
20/11/2020 00:00,1955.6,1963.2,1847.1,1874.3,0,USD,
19/11/2020 00:00,1955.6,1963.2,1847.1,1862.7,0,USD,
18/11/2020 00:00,1955.6,1963.2,1847.1,1874.7,0,USD,
17/11/2020 00:00,1955.6,1963.2,1847.1,1886.1,0,USD,
16/11/2020 00:00,1955.6,1963.2,1847.1,1889.2,0,USD,
13/11/2020 00:00,1955.6,1963.2,1847.1,1887.0,0,USD,
12/11/2020 00:00,1955.6,1963.2,1847.1,1875.3,0,USD,
11/11/2020 00:00,1955.6,1963.2,1847.1,1863.4,0,USD,
10/11/2020 00:00,1955.6,1963.2,1847.1,1877.1,0,USD,
09/11/2020 00:00,1955.6,1963.2,1847.1,1853.2,0,USD,
06/11/2020 00:00,1940.8,1958.8,1940.8,1950.3,0,USD,
05/11/2020 00:00,1901.7,1948.0,1901.7,1945.3,0,USD,
04/11/2020 00:00,1893.8,1907.0,1885.3,1894.6,0,USD,
03/11/2020 00:00,1891.5,1905.7,1891.5,1908.5,0,USD,
02/11/2020 00:00,1872.9,1894.0,1872.9,1890.4,0,USD,
30/10/2020 00:00,1862.8,1886.6,1862.8,1877.4,0,USD,
29/10/2020 00:00,1870.9,1870.9,1858.8,1865.6,0,USD,
28/10/2020 00:00,1870.9,1870.9,1870.9,1876.2,0,USD,
27/10/2020 00:00,1904.6,1908.3,1904.4,1908.8,0,USD,
26/10/2020 00:00,1896.0,1907.0,1893.5,1902.7,0,USD,
23/10/2020 00:00,1899.9,1913.3,1896.2,1902.0,0,USD,
22/10/2020 00:00,1924.3,1924.3,1898.2,1901.1,0,USD,
21/10/2020 00:00,1913.6,1927.3,1913.6,1924.6,0,USD,
20/10/2020 00:00,1901.3,1909.1,1896.1,1910.4,0,USD,
19/10/2020 00:00,1907.3,1907.8,1899.5,1906.4,0,USD,
16/10/2020 00:00,1898.5,1898.5,1898.5,1900.8,0,USD,
15/10/2020 00:00,1897.3,1906.3,1889.6,1903.2,0,USD,
14/10/2020 00:00,1889.7,1910.8,1882.5,1901.3,0,USD,
13/10/2020 00:00,1921.9,1922.2,1887.0,1888.5,0,USD,
12/10/2020 00:00,1924.0,1926.5,1921.6,1922.5,0,USD,
09/10/2020 00:00,1909.3,1929.1,1905.1,1919.5,0,USD,
08/10/2020 00:00,1893.0,1893.0,1882.7,1888.6,0,USD,
07/10/2020 00:00,1874.1,1889.8,1873.1,1883.6,0,USD,
06/10/2020 00:00,1906.6,1918.0,1889.3,1901.1,0,USD,
05/10/2020 00:00,1898.9,1915.6,1884.7,1912.5,0,USD,
02/10/2020 00:00,1893.9,1913.0,1893.9,1900.2,0,USD,
01/10/2020 00:00,1884.1,1909.6,1882.5,1908.4,0,USD,
30/09/2020 00:00,1893.0,1899.7,1879.8,1887.5,0,USD,
29/09/2020 00:00,1856.3,1895.0,1872.4,1894.3,0,USD,
28/09/2020 00:00,1856.3,1856.3,1856.3,1872.8,0,USD,
25/09/2020 00:00,1856.3,1856.3,1856.3,1857.7,0,USD,
24/09/2020 00:00,1851.5,1864.5,1851.5,1868.3,0,USD,
23/09/2020 00:00,1875.5,1875.5,1875.5,1859.9,0,USD,
22/09/2020 00:00,1913.1,1913.1,1913.1,1898.6,0,USD,
21/09/2020 00:00,1946.2,1946.2,1883.4,1901.2,0,USD,
18/09/2020 00:00,1950.5,1952.0,1949.0,1952.1,0,USD,
17/09/2020 00:00,1939.0,1946.0,1933.7,1940.0,0,USD,
16/09/2020 00:00,1961.3,1961.4,1956.7,1960.2,0,USD,
15/09/2020 00:00,1955.8,1968.5,1955.8,1956.3,0,USD,
14/09/2020 00:00,1946.3,1946.5,1943.0,1953.1,0,USD,
11/09/2020 00:00,1944.0,1949.5,1938.7,1937.8,0,USD,
10/09/2020 00:00,1944.1,1962.7,1944.1,1954.2,0,USD,
09/09/2020 00:00,1926.9,1946.2,1924.6,1944.7,0,USD,
08/09/2020 00:00,1930.9,1937.9,1903.1,1933.0,0,USD,
07/09/2020 00:00,1930.9,1931.4,1930.9,1931.4,0,USD,
04/09/2020 00:00,1927.9,1939.7,1917.7,1923.9,0,USD,
03/09/2020 00:00,1937.1,1938.8,1923.0,1927.6,0,USD,
02/09/2020 00:00,1967.3,1967.3,1935.7,1934.4,0,USD,
01/09/2020 00:00,1961.7,1986.3,1961.7,1968.2,0,USD,
31/08/2020 00:00,1970.0,1971.3,1953.3,1967.6,0,USD,
28/08/2020 00:00,1948.9,1971.3,1948.9,1964.6,0,USD,
27/08/2020 00:00,1948.9,1972.5,1948.9,1921.6,0,USD,
26/08/2020 00:00,1909.7,1926.6,1909.7,1940.7,0,USD,
25/08/2020 00:00,1927.5,1928.5,1912.0,1911.8,0,USD,
24/08/2020 00:00,1930.2,1940.0,1922.2,1927.7,0,USD,
21/08/2020 00:00,1941.0,1945.0,1908.9,1934.6,0,USD,
20/08/2020 00:00,1941.2,1948.3,1922.3,1933.8,0,USD,
19/08/2020 00:00,1980.0,1980.0,1938.7,1958.7,0,USD,
18/08/2020 00:00,2001.1,2002.8,1972.1,1999.4,0,USD,
17/08/2020 00:00,1949.6,1981.0,1949.6,1985.0,0,USD,
14/08/2020 00:00,1938.7,1947.4,1937.7,1937.0,0,USD,
13/08/2020 00:00,1921.5,1945.0,1916.9,1945.0,0,USD,
12/08/2020 00:00,1923.0,1946.6,1871.6,1934.9,0,USD,
11/08/2020 00:00,2012.4,2016.0,1904.0,1932.6,0,USD,
10/08/2020 00:00,2026.4,2043.8,2017.5,2024.4,0,USD,
07/08/2020 00:00,2040.1,2055.0,2009.6,2010.1,0,USD,
06/08/2020 00:00,2045.5,2063.0,2040.0,2051.5,0,USD,
05/08/2020 00:00,2024.0,2050.2,2011.0,2031.1,0,USD,
04/08/2020 00:00,1971.0,2016.2,1968.8,2001.2,0,USD,
03/08/2020 00:00,1984.3,1984.3,1955.5,1966.0,0,USD,
31/07/2020 00:00,1948.6,1981.1,1948.0,1962.8,0,USD,
30/07/2020 00:00,1953.2,1953.2,1930.0,1942.3,0,USD,
29/07/2020 00:00,1953.2,1953.2,1952.6,1953.5,0,USD,
28/07/2020 00:00,1931.5,1931.5,1928.6,1944.7,0,USD,
27/07/2020 00:00,1901.7,1938.0,1901.5,1931.0,0,USD,
24/07/2020 00:00,1884.3,1884.3,1884.3,1897.3,0,USD,
23/07/2020 00:00,1868.7,1890.3,1868.5,1889.1,0,USD,
22/07/2020 00:00,1858.1,1867.0,1854.7,1864.1,0,USD,
21/07/2020 00:00,1822.0,1840.4,1822.0,1842.4,0,USD,
20/07/2020 00:00,1807.0,1817.3,1807.0,1815.9,0,USD,
17/07/2020 00:00,1798.5,1800.8,1798.5,1808.3,0,USD,
16/07/2020 00:00,1810.9,1810.9,1794.3,1798.7,0,USD,
15/07/2020 00:00,1806.1,1813.5,1806.1,1811.4,0,USD,
14/07/2020 00:00,1791.0,1811.5,1791.0,1810.6,0,USD,
13/07/2020 00:00,1805.0,1805.0,1805.0,1811.0,0,USD,
10/07/2020 00:00,1805.5,1805.5,1797.7,1798.2,0,USD,
09/07/2020 00:00,1816.1,1819.8,1809.3,1799.2,0,USD,
08/07/2020 00:00,1801.5,1817.9,1801.5,1815.5,0,USD,
07/07/2020 00:00,1789.3,1803.9,1783.3,1804.2,0,USD,
06/07/2020 00:00,1788.2,1790.1,1788.2,1788.5,0,USD,
03/07/2020 00:00,1773.4,1783.7,1768.7,1781.8,0,USD,
02/07/2020 00:00,1773.4,1783.7,1768.7,1784.0,0,USD,
01/07/2020 00:00,1793.6,1798.0,1765.8,1773.2,0,USD,
30/06/2020 00:00,1777.3,1793.2,1774.4,1793.0,0,USD,
29/06/2020 00:00,1779.8,1780.2,1774.3,1774.8,0,USD,
26/06/2020 00:00,1766.0,1766.0,1764.7,1772.5,0,USD,
25/06/2020 00:00,1761.7,1764.8,1759.8,1762.1,0,USD,
24/06/2020 00:00,1778.3,1783.1,1764.5,1765.8,0,USD,
23/06/2020 00:00,1755.4,1775.0,1754.2,1772.1,0,USD,
22/06/2020 00:00,1755.2,1767.6,1750.5,1756.7,0,USD,
19/06/2020 00:00,1723.7,1750.7,1723.5,1745.9,0,USD,
18/06/2020 00:00,1730.5,1734.1,1717.3,1724.8,0,USD,
17/06/2020 00:00,1714.7,1728.6,1714.7,1729.2,0,USD,
16/06/2020 00:00,1726.3,1726.3,1722.4,1729.6,0,USD,
15/06/2020 00:00,1730.0,1730.0,1703.3,1720.3,0,USD,
12/06/2020 00:00,1724.9,1743.0,1724.9,1729.3,0,USD,
11/06/2020 00:00,1737.2,1744.1,1720.0,1732.0,0,USD,
10/06/2020 00:00,1716.1,1740.8,1711.9,1713.3,0,USD,
09/06/2020 00:00,1694.6,1720.9,1692.0,1714.7,0,USD,
08/06/2020 00:00,1679.1,1699.4,1675.9,1698.3,0,USD,
05/06/2020 00:00,1711.8,1711.8,1668.6,1676.2,0,USD,
04/06/2020 00:00,1694.5,1718.0,1694.5,1718.9,0,USD,
03/06/2020 00:00,1726.3,1726.3,1684.5,1697.8,0,USD,
02/06/2020 00:00,1743.0,1745.5,1721.8,1725.2,0,USD,
01/06/2020 00:00,1740.4,1747.0,1727.1,1737.8,0,USD,
29/05/2020 00:00,1718.8,1738.3,1715.1,1736.9,0,USD,
28/05/2020 00:00,1685.6,1727.8,1685.6,1713.3,0,USD,
27/05/2020 00:00,1685.6,1692.8,1685.6,1710.3,0,USD,
26/05/2020 00:00,1726.4,1726.4,1707.4,1704.8,0,USD,
25/05/2020 00:00,1726.4,1726.4,1726.4,1726.4,0,USD,
22/05/2020 00:00,1726.6,1726.7,1726.6,1734.6,0,USD,
21/05/2020 00:00,1746.8,1746.8,1723.4,1720.5,0,USD,
20/05/2020 00:00,1751.6,1752.1,1745.6,1750.6,0,USD,
19/05/2020 00:00,1749.3,1749.5,1749.3,1744.2,0,USD,
18/05/2020 00:00,1755.7,1770.5,1734.1,1731.8,0,USD,
15/05/2020 00:00,1739.7,1751.4,1739.7,1753.4,0,USD,
14/05/2020 00:00,1724.3,1743.1,1720.5,1738.1,0,USD,
13/05/2020 00:00,1702.0,1721.3,1701.9,1713.9,0,USD,
12/05/2020 00:00,1699.3,1713.1,1699.3,1704.4,0,USD,
11/05/2020 00:00,1702.3,1704.5,1690.2,1695.3,0,USD,
08/05/2020 00:00,1726.2,1728.9,1703.8,1709.9,0,USD,
07/05/2020 00:00,1686.2,1721.6,1685.6,1721.8,0,USD,
06/05/2020 00:00,1704.0,1704.0,1685.0,1684.2,0,USD,
05/05/2020 00:00,1701.5,1704.0,1697.2,1704.4,0,USD,
04/05/2020 00:00,1702.6,1709.0,1699.6,1706.9,0,USD,
30/04/2020 00:00,1719.3,1719.3,1680.8,1684.2,0,USD,
29/04/2020 00:00,1716.6,1713.5,1702.0,1703.4,0,USD,
28/04/2020 00:00,1716.6,1716.6,1707.1,1710.5,0,USD,
27/04/2020 00:00,1731.9,1731.9,1712.1,1711.9,0,USD,
24/04/2020 00:00,1744.0,1744.0,1714.5,1723.5,0,USD,
23/04/2020 00:00,1734.0,1745.1,1734.0,1733.3,0,USD,
22/04/2020 00:00,1696.0,1726.1,1684.8,1728.7,0,USD,
21/04/2020 00:00,1697.0,1707.1,1659.9,1678.2,0,USD,
20/04/2020 00:00,1686.0,1701.1,1680.0,1701.6,0,USD,
17/04/2020 00:00,1715.7,1725.0,1684.9,1689.2,0,USD,
16/04/2020 00:00,1731.0,1750.6,1715.0,1720.4,0,USD,
15/04/2020 00:00,1739.4,1744.9,1722.7,1727.2,0,USD,
14/04/2020 00:00,1756.8,1775.0,1739.5,1756.7,0,USD,
09/04/2020 00:00,1662.7,1732.5,1662.7,1736.2,0,USD,
08/04/2020 00:00,1669.7,1677.0,1662.5,1665.4,0,USD,
07/04/2020 00:00,1695.7,1724.4,1658.0,1664.8,0,USD,
06/04/2020 00:00,1629.1,1696.7,1625.9,1677.0,0,USD,
03/04/2020 00:00,1624.5,1636.0,1619.8,1633.7,0,USD,
02/04/2020 00:00,1590.9,1631.2,1586.0,1625.7,0,USD,
01/04/2020 00:00,1570.0,1600.0,1570.0,1578.2,0,USD,
31/03/2020 00:00,1618.7,1621.0,1576.0,1583.4,0,USD,
30/03/2020 00:00,1641.2,1652.8,1607.2,1622.0,0,USD,
27/03/2020 00:00,1660.5,1660.5,1660.5,1623.9,0,USD,
26/03/2020 00:00,1660.5,1660.5,1660.5,1650.1,0,USD,
25/03/2020 00:00,1676.5,1676.5,1631.1,1632.3,0,USD,
24/03/2020 00:00,1592.7,1685.5,1592.7,1660.2,0,USD,
23/03/2020 00:00,1505.3,1556.5,1490.2,1567.0,0,USD,
20/03/2020 00:00,1483.5,1483.5,1483.5,1484.0,0,USD,
19/03/2020 00:00,1481.5,1491.6,1471.0,1478.6,0,USD,
18/03/2020 00:00,1537.5,1542.0,1484.6,1477.3,0,USD,
17/03/2020 00:00,1469.3,1537.7,1469.3,1524.9,0,USD,
16/03/2020 00:00,1569.1,1569.1,1452.1,1485.9,0,USD,
13/03/2020 00:00,1574.9,1589.8,1513.8,1515.7,0,USD,
12/03/2020 00:00,1637.0,1647.5,1566.4,1589.3,0,USD,
11/03/2020 00:00,1656.6,1666.5,1635.0,1641.4,0,USD,
10/03/2020 00:00,1671.6,1674.6,1643.0,1659.1,0,USD,
09/03/2020 00:00,1696.1,1701.6,1657.7,1674.5,0,USD,
06/03/2020 00:00,1670.8,1686.2,1647.2,1670.8,0,USD,
05/03/2020 00:00,1637.3,1672.9,1637.2,1666.4,0,USD,
04/03/2020 00:00,1645.4,1645.9,1631.3,1641.1,0,USD,
03/03/2020 00:00,1594.5,1645.3,1594.0,1642.1,0,USD,
02/03/2020 00:00,1583.9,1608.3,1574.3,1592.3,0,USD,
28/02/2020 00:00,1640.3,1642.5,1564.8,1564.1,0,USD,
27/02/2020 00:00,1644.0,1658.0,1638.5,1640.0,0,USD,
26/02/2020 00:00,1644.0,1648.1,1636.4,1640.0,0,USD,
25/02/2020 00:00,1645.1,1653.7,1632.3,1646.9,0,USD,
24/02/2020 00:00,1657.0,1686.6,1650.0,1672.4,0,USD,
21/02/2020 00:00,1619.3,1645.0,1619.3,1644.6,0,USD,
20/02/2020 00:00,1606.5,1621.0,1603.0,1616.6,0,USD,
19/02/2020 00:00,1600.6,1610.5,1599.7,1607.5,0,USD,
18/02/2020 00:00,1579.8,1604.3,1579.8,1600.0,0,USD,
17/02/2020 00:00,1579.8,1581.7,1579.8,1581.4,0,USD,
14/02/2020 00:00,1575.8,1582.4,1574.8,1582.7,0,USD,
13/02/2020 00:00,1570.2,1574.1,1570.2,1575.1,0,USD,
12/02/2020 00:00,1565.2,1568.7,1561.0,1567.4,0,USD,
11/02/2020 00:00,1570.9,1571.1,1561.9,1565.6,0,USD,
10/02/2020 00:00,1569.3,1574.7,1568.6,1574.7,0,USD,
07/02/2020 00:00,1564.9,1571.9,1560.5,1568.6,0,USD,
06/02/2020 00:00,1553.6,1565.6,1551.6,1565.1,0,USD,
05/02/2020 00:00,1553.2,1560.7,1547.7,1557.8,0,USD,
04/02/2020 00:00,1577.7,1577.7,1547.8,1550.4,0,USD,
03/02/2020 00:00,1573.4,1588.2,1568.2,1577.2,0,USD,
31/01/2020 00:00,1573.4,1588.2,1570.0,1582.9,0,USD,
30/01/2020 00:00,1576.4,1585.0,1571.4,1583.5,0,USD,
29/01/2020 00:00,1576.4,1576.4,1576.4,1569.8,0,USD,
28/01/2020 00:00,1576.4,1576.4,1576.4,1569.2,0,USD,
27/01/2020 00:00,1584.3,1584.5,1578.2,1576.8,0,USD,
24/01/2020 00:00,1556.3,1570.3,1556.3,1571.1,0,USD,
23/01/2020 00:00,1553.1,1563.5,1552.2,1564.6,0,USD,
22/01/2020 00:00,1549.8,1557.1,1549.8,1555.3,0,USD,
21/01/2020 00:00,1559.3,1566.2,1551.0,1556.4,0,USD,
20/01/2020 00:00,1559.3,1559.3,1557.8,1558.4,0,USD,
17/01/2020 00:00,1554.1,1558.0,1553.6,1558.8,0,USD,
16/01/2020 00:00,1555.7,1556.1,1548.5,1549.0,0,USD,
15/01/2020 00:00,1548.0,1553.9,1545.6,1552.1,0,USD,
14/01/2020 00:00,1546.7,1546.7,1534.9,1542.4,0,USD,
13/01/2020 00:00,1557.4,1558.0,1548.9,1548.4,0,USD,
10/01/2020 00:00,1551.2,1558.8,1545.4,1557.5,0,USD,
09/01/2020 00:00,1555.7,1555.7,1543.3,1551.7,0,USD,
08/01/2020 00:00,1579.7,1604.2,1552.3,1557.4,0,USD,
07/01/2020 00:00,1558.3,1572.1,1558.3,1571.8,0,USD,
06/01/2020 00:00,1580.0,1580.0,1560.4,1566.2,0,USD,
03/01/2020 00:00,1530.1,1552.7,1530.1,1549.2,0,USD,
02/01/2020 00:00,1518.1,1528.7,1518.0,1524.5,0,USD,
31/12/2019 00:00,1513.8,1523.4,1513.8,1519.5,0,USD,
30/12/2019 00:00,1512.6,1515.1,1510.0,1514.5,0,USD,
27/12/2019 00:00,1488.7,1498.6,1488.7,1513.8,0,USD,
24/12/2019 00:00,1488.7,1498.6,1488.7,1499.1,0,USD,
23/12/2019 00:00,1482.3,1482.5,1479.9,1482.5,0,USD,
20/12/2019 00:00,1476.7,1478.1,1475.3,1474.7,0,USD,
19/12/2019 00:00,1475.9,1478.9,1473.3,1478.2,0,USD,
18/12/2019 00:00,1474.1,1476.9,1474.0,1472.6,0,USD,
17/12/2019 00:00,1474.1,1476.9,1474.0,1474.6,0,USD,
16/12/2019 00:00,1473.8,1475.3,1473.8,1475.0,0,USD,
13/12/2019 00:00,1463.1,1475.9,1463.1,1475.6,0,USD,
12/12/2019 00:00,1475.1,1483.9,1463.7,1466.7,0,USD,
11/12/2019 00:00,1463.1,1475.4,1463.1,1469.4,0,USD,
10/12/2019 00:00,1460.7,1467.2,1460.7,1462.6,0,USD,
09/12/2019 00:00,1458.8,1464.2,1458.6,1459.3,0,USD,
06/12/2019 00:00,1475.0,1476.0,1458.2,1459.1,0,USD,
05/12/2019 00:00,1474.7,1478.0,1472.3,1476.9,0,USD,
04/12/2019 00:00,1477.5,1483.4,1471.2,1474.0,0,USD,
03/12/2019 00:00,1461.6,1480.4,1459.5,1478.2,0,USD,
02/12/2019 00:00,1462.8,1464.4,1453.3,1462.3,0,USD,
29/11/2019 00:00,1453.6,1465.2,1452.1,1465.6,0,USD,
28/11/2019 00:00,1453.6,1457.3,1453.6,1455.3,0,USD,
27/11/2019 00:00,1457.1,1457.1,1452.0,1453.4,0,USD,
26/11/2019 00:00,1457.1,1457.1,1455.5,1459.8,0,USD,
25/11/2019 00:00,1457.1,1457.1,1455.5,1456.6,0,USD,
22/11/2019 00:00,1468.6,1468.6,1464.9,1463.1,0,USD,
21/11/2019 00:00,1472.6,1474.5,1467.3,1463.1,0,USD,
20/11/2019 00:00,1472.6,1474.5,1467.3,1473.3,0,USD,
19/11/2019 00:00,1467.7,1474.3,1467.7,1473.3,0,USD,
18/11/2019 00:00,1472.0,1472.0,1469.7,1470.9,0,USD,
15/11/2019 00:00,1469.1,1469.1,1469.1,1467.3,0,USD,
14/11/2019 00:00,1463.8,1469.0,1463.7,1471.8,0,USD,
13/11/2019 00:00,1456.8,1463.3,1456.8,1461.7,0,USD,
12/11/2019 00:00,1451.3,1461.0,1447.1,1452.1,0,USD,
11/11/2019 00:00,1461.0,1461.0,1449.3,1455.5,0,USD,
08/11/2019 00:00,1469.1,1469.1,1461.7,1461.3,0,USD,
07/11/2019 00:00,1489.1,1489.1,1466.5,1464.2,0,USD,
06/11/2019 00:00,1483.2,1491.0,1483.2,1490.2,0,USD,
05/11/2019 00:00,1507.1,1507.1,1484.7,1480.8,0,USD,
04/11/2019 00:00,1511.6,1511.6,1508.0,1508.0,0,USD,
01/11/2019 00:00,1511.0,1511.6,1503.0,1508.0,0,USD,
31/10/2019 00:00,1496.1,1513.1,1496.1,1511.4,0,USD,
30/10/2019 00:00,1487.2,1495.4,1481.0,1493.2,0,USD,
29/10/2019 00:00,1491.5,1492.9,1482.7,1487.4,0,USD,
28/10/2019 00:00,1503.6,1506.3,1489.1,1492.4,0,USD,
25/10/2019 00:00,1502.1,1517.0,1499.7,1501.7,0,USD,
24/10/2019 00:00,1490.4,1502.4,1486.7,1501.0,0,USD,
23/10/2019 00:00,1487.3,1495.1,1486.7,1491.8,0,USD,
22/10/2019 00:00,1483.7,1488.2,1480.0,1483.6,0,USD,
21/10/2019 00:00,1490.7,1494.7,1481.6,1484.2,0,USD,
18/10/2019 00:00,1492.5,1492.9,1484.8,1490.0,0,USD,
17/10/2019 00:00,1490.1,1496.1,1484.3,1494.2,0,USD,
16/10/2019 00:00,1480.5,1491.2,1477.1,1490.2,0,USD,
15/10/2019 00:00,1493.1,1498.0,1477.7,1479.7,0,USD,
14/10/2019 00:00,1488.0,1496.8,1483.3,1493.8,0,USD,
11/10/2019 00:00,1495.8,1503.8,1474.7,1484.7,0,USD,
10/10/2019 00:00,1512.5,1517.8,1492.6,1497.0,0,USD,
09/10/2019 00:00,1509.5,1512.5,1501.5,1508.9,0,USD,
08/10/2019 00:00,1495.0,1511.0,1488.4,1500.1,0,USD,
07/10/2019 00:00,1514.1,1515.1,1492.0,1500.7,0,USD,
04/10/2019 00:00,1509.0,1516.5,1498.1,1509.2,0,USD,
03/10/2019 00:00,1502.1,1521.0,1498.3,1510.1,0,USD,
02/10/2019 00:00,1482.9,1507.0,1477.7,1504.1,0,USD,
01/10/2019 00:00,1475.0,1489.3,1461.5,1485.2,0,USD,
30/09/2019 00:00,1497.6,1503.2,1467.0,1469.2,0,USD,
27/09/2019 00:00,1527.6,1527.9,1489.8,1502.7,0,USD,
26/09/2019 00:00,1527.6,1527.9,1512.9,1507.5,0,USD,
25/09/2019 00:00,1527.6,1527.9,1512.9,1504.6,0,USD,
24/09/2019 00:00,1515.5,1533.0,1515.5,1532.1,0,USD,
23/09/2019 00:00,1515.5,1523.2,1515.5,1523.7,0,USD,
20/09/2019 00:00,1503.0,1503.0,1503.0,1507.3,0,USD,
19/09/2019 00:00,1496.1,1502.4,1496.1,1498.4,0,USD,
18/09/2019 00:00,1508.9,1509.4,1489.3,1507.5,0,USD,
17/09/2019 00:00,1497.9,1501.8,1497.9,1505.1,0,USD,
16/09/2019 00:00,1506.6,1506.8,1496.9,1503.1,0,USD,
13/09/2019 00:00,1486.9,1486.9,1486.9,1490.9,0,USD,
12/09/2019 00:00,1499.5,1515.4,1498.7,1498.7,0,USD,
11/09/2019 00:00,1491.7,1496.6,1490.2,1494.4,0,USD,
10/09/2019 00:00,1498.5,1498.5,1486.9,1490.3,0,USD,
09/09/2019 00:00,1509.0,1513.0,1498.0,1502.2,0,USD,
06/09/2019 00:00,1517.3,1526.0,1504.5,1506.2,0,USD,
05/09/2019 00:00,1551.0,1551.1,1511.1,1515.4,0,USD,
04/09/2019 00:00,1549.0,1553.2,1534.8,1550.3,0,USD,
03/09/2019 00:00,1522.9,1546.3,1521.0,1545.9,0,USD,
02/09/2019 00:00,1522.9,1522.9,1522.2,1522.5,0,USD,
30/08/2019 00:00,1524.6,1530.4,1516.7,1519.1,0,USD,
29/08/2019 00:00,1538.1,1549.3,1519.6,1526.5,0,USD,
28/08/2019 00:00,1538.1,1538.1,1538.1,1537.8,0,USD,
27/08/2019 00:00,1530.5,1542.1,1528.5,1541.0,0,USD,
26/08/2019 00:00,1543.2,1543.3,1524.3,1526.3,0,USD,
23/08/2019 00:00,1493.5,1527.6,1493.5,1526.6,0,USD,
22/08/2019 00:00,1495.1,1495.1,1493.8,1497.3,0,USD,
21/08/2019 00:00,1504.9,1505.0,1498.8,1504.6,0,USD,
20/08/2019 00:00,1497.5,1506.1,1497.5,1504.6,0,USD,
19/08/2019 00:00,1507.2,1507.6,1492.9,1500.4,0,USD,
16/08/2019 00:00,1524.6,1524.6,1504.7,1512.5,0,USD,
15/08/2019 00:00,1519.8,1522.7,1510.6,1519.6,0,USD,
14/08/2019 00:00,1440.5,1520.5,1497.0,1515.9,0,USD,
13/08/2019 00:00,1440.5,1442.0,1436.0,1502.9,0,USD,
12/08/2019 00:00,1440.5,1442.0,1436.0,1506.1,0,USD,
09/08/2019 00:00,1440.5,1442.0,1436.0,1497.1,0,USD,
08/08/2019 00:00,1440.5,1442.0,1436.0,1498.0,0,USD,
07/08/2019 00:00,1440.5,1442.0,1436.0,1507.3,0,USD,
06/08/2019 00:00,1440.5,1442.0,1436.0,1472.4,0,USD,
05/08/2019 00:00,1440.5,1442.0,1436.0,1464.7,0,USD,
02/08/2019 00:00,1440.5,1442.0,1436.0,1445.7,0,USD,
01/08/2019 00:00,1440.5,1442.0,1436.0,1419.2,0,USD,
31/07/2019 00:00,1440.5,1442.0,1436.0,1425.8,0,USD,
30/07/2019 00:00,1440.5,1442.0,1436.0,1429.3,0,USD,
29/07/2019 00:00,1440.5,1442.0,1436.0,1419.6,0,USD,
26/07/2019 00:00,1440.5,1442.0,1436.0,1419.5,0,USD,
25/07/2019 00:00,1440.5,1442.0,1436.0,1414.7,0,USD,
24/07/2019 00:00,1440.5,1442.0,1436.0,1423.4,0,USD,
23/07/2019 00:00,1440.5,1442.0,1436.0,1421.2,0,USD,
22/07/2019 00:00,1440.5,1442.0,1436.0,1426.3,0,USD,
19/07/2019 00:00,1440.5,1442.0,1436.0,1425.1,0,USD,
18/07/2019 00:00,1422.3,1439.0,1419.5,1426.1,0,USD,
17/07/2019 00:00,1404.6,1404.6,1404.6,1421.3,0,USD,
16/07/2019 00:00,1413.6,1413.7,1405.0,1409.2,0,USD,
15/07/2019 00:00,1414.4,1415.0,1411.6,1411.4,0,USD,
12/07/2019 00:00,1405.6,1410.1,1405.6,1409.9,0,USD,
11/07/2019 00:00,1409.9,1409.9,1407.6,1404.3,0,USD,
10/07/2019 00:00,1409.9,1409.9,1409.9,1410.3,0,USD,
09/07/2019 00:00,1394.5,1394.5,1386.2,1397.5,0,USD,
08/07/2019 00:00,1395.9,1395.9,1393.6,1397.0,0,USD,
05/07/2019 00:00,1418.3,1418.3,1390.2,1396.7,0,USD,
04/07/2019 00:00,1418.3,1418.3,1418.2,1418.2,0,USD,
03/07/2019 00:00,1431.0,1434.0,1413.1,1417.7,0,USD,
02/07/2019 00:00,1391.1,1414.0,1390.8,1404.6,0,USD,
01/07/2019 00:00,1386.6,1395.8,1382.8,1385.6,0,USD,
28/06/2019 00:00,1408.3,1422.0,1408.3,1409.7,0,USD,
27/06/2019 00:00,1407.2,1413.3,1399.8,1408.4,0,USD,
26/06/2019 00:00,1407.2,1413.3,1405.8,1411.6,0,USD,
25/06/2019 00:00,1418.1,1433.3,1418.1,1414.9,0,USD,
24/06/2019 00:00,1406.0,1418.6,1402.1,1414.3,0,USD,
21/06/2019 00:00,1406.0,1406.0,1390.3,1396.2,0,USD,
20/06/2019 00:00,1381.5,1389.7,1379.5,1392.9,0,USD,
19/06/2019 00:00,1344.0,1344.0,1344.0,1344.6,0,USD,
18/06/2019 00:00,1349.3,1349.3,1341.6,1346.6,0,USD,
17/06/2019 00:00,1339.0,1340.3,1335.0,1338.7,0,USD,
14/06/2019 00:00,1345.4,1355.4,1339.3,1341.2,0,USD,
13/06/2019 00:00,1330.8,1340.5,1330.8,1339.2,0,USD,
12/06/2019 00:00,1330.8,1332.5,1330.8,1333.0,0,USD,
11/06/2019 00:00,1330.8,1332.5,1330.8,1327.4,0,USD,
10/06/2019 00:00,1330.8,1332.5,1330.8,1325.5,0,USD,
07/06/2019 00:00,1330.8,1332.5,1330.8,1341.9,0,USD,
06/06/2019 00:00,1330.8,1332.5,1330.8,1338.4,0,USD,
05/06/2019 00:00,1328.9,1343.3,1326.3,1329.3,0,USD,
04/06/2019 00:00,1324.3,1328.6,1320.8,1323.4,0,USD,
03/06/2019 00:00,1307.0,1327.8,1307.0,1322.7,0,USD,
31/05/2019 00:00,1287.7,1306.4,1287.5,1305.8,0,USD,
30/05/2019 00:00,1285.4,1288.3,1273.9,1287.1,0,USD,
29/05/2019 00:00,1285.4,1286.5,1283.3,1280.6,0,USD,
28/05/2019 00:00,1285.4,1286.5,1283.3,1277.8,0,USD,
27/05/2019 00:00,1285.4,1286.5,1283.3,1284.3,0,USD,
24/05/2019 00:00,1285.4,1286.5,1283.3,1284.3,0,USD,
23/05/2019 00:00,1285.4,1286.5,1283.3,1284.8,0,USD,
22/05/2019 00:00,1285.4,1286.5,1283.3,1274.6,0,USD,
21/05/2019 00:00,1285.4,1286.5,1283.3,1272.0,0,USD,
20/05/2019 00:00,1285.4,1286.5,1283.3,1276.1,0,USD,
17/05/2019 00:00,1285.4,1286.5,1283.3,1276.1,0,USD,
16/05/2019 00:00,1285.4,1286.5,1283.3,1286.0,0,USD,
15/05/2019 00:00,1285.4,1286.5,1283.3,1297.1,0,USD,
14/05/2019 00:00,1285.4,1286.5,1283.3,1295.5,0,USD,
13/05/2019 00:00,1285.4,1286.5,1283.3,1301.1,0,USD,
10/05/2019 00:00,1285.4,1286.5,1283.3,1286.7,0,USD,
09/05/2019 00:00,1280.6,1285.0,1276.4,1283.5,0,USD,
08/05/2019 00:00,1280.6,1280.8,1276.4,1280.6,0,USD,
07/05/2019 00:00,1280.6,1280.8,1276.4,1284.3,0,USD,
06/05/2019 00:00,1280.6,1280.8,1276.4,1270.9,0,USD,
03/05/2019 00:00,1280.6,1280.8,1276.4,1270.9,0,USD,
02/05/2019 00:00,1280.6,1280.8,1276.4,1270.9,0,USD,
01/05/2019 00:00,1280.6,1280.8,1276.4,1282.8,0,USD,
30/04/2019 00:00,1280.6,1280.8,1276.4,1283.9,0,USD,
29/04/2019 00:00,1280.6,1280.8,1276.4,1279.8,0,USD,
26/04/2019 00:00,1280.6,1280.8,1276.4,1284.9,0,USD,
25/04/2019 00:00,1280.6,1280.8,1276.4,1275.8,0,USD,
24/04/2019 00:00,1268.4,1271.9,1267.8,1275.5,0,USD,
23/04/2019 00:00,1266.4,1269.8,1266.0,1269.3,0,USD,
18/04/2019 00:00,1293.4,1293.4,1290.3,1274.6,0,USD,
17/04/2019 00:00,1293.4,1293.4,1290.3,1274.6,0,USD,
16/04/2019 00:00,1293.4,1293.4,1290.3,1274.7,0,USD,
15/04/2019 00:00,1293.4,1293.4,1290.3,1288.3,0,USD,
12/04/2019 00:00,1293.4,1293.4,1290.3,1290.6,0,USD,
11/04/2019 00:00,1307.0,1307.1,1289.1,1289.1,0,USD,
10/04/2019 00:00,1292.2,1302.1,1291.8,1309.1,0,USD,
09/04/2019 00:00,1292.2,1302.1,1291.8,1304.3,0,USD,
08/04/2019 00:00,1292.2,1302.1,1291.8,1297.1,0,USD,
05/04/2019 00:00,1312.2,1312.2,1312.2,1291.4,0,USD,
04/04/2019 00:00,1312.2,1312.2,1312.2,1290.1,0,USD,
03/04/2019 00:00,1312.2,1312.2,1312.2,1290.8,0,USD,
02/04/2019 00:00,1312.2,1312.2,1312.2,1291.1,0,USD,
01/04/2019 00:00,1312.2,1312.2,1312.2,1289.5,0,USD,
29/03/2019 00:00,1312.2,1312.2,1312.2,1293.6,0,USD,
28/03/2019 00:00,1312.2,1312.2,1312.2,1290.6,0,USD,
27/03/2019 00:00,1312.2,1312.2,1312.2,1309.0,0,USD,
26/03/2019 00:00,1312.2,1312.2,1312.2,1315.5,0,USD,
25/03/2019 00:00,1312.2,1312.2,1312.2,1322.8,0,USD,
22/03/2019 00:00,1312.2,1312.2,1312.2,1312.7,0,USD,
21/03/2019 00:00,1312.2,1312.2,1312.2,1307.7,0,USD,
20/03/2019 00:00,1312.2,1312.2,1312.2,1301.7,0,USD,
19/03/2019 00:00,1312.2,1312.2,1312.2,1306.8,0,USD,
18/03/2019 00:00,1312.2,1312.2,1312.2,1301.8,0,USD,
15/03/2019 00:00,1312.2,1312.2,1312.2,1303.1,0,USD,
14/03/2019 00:00,1312.2,1312.2,1312.2,1293.9,0,USD,
13/03/2019 00:00,1312.2,1312.2,1312.2,1307.1,0,USD,
12/03/2019 00:00,1312.2,1312.2,1312.2,1298.0,0,USD,
11/03/2019 00:00,1312.2,1312.2,1312.2,1290.9,0,USD,
08/03/2019 00:00,1312.2,1312.2,1312.2,1299.0,0,USD,
07/03/2019 00:00,1312.2,1312.2,1312.2,1285.6,0,USD,
06/03/2019 00:00,1312.2,1312.2,1312.2,1287.0,0,USD,
05/03/2019 00:00,1312.2,1312.2,1312.2,1283.7,0,USD,
04/03/2019 00:00,1312.2,1312.2,1312.2,1286.5,0,USD,
01/03/2019 00:00,1312.2,1312.2,1312.2,1298.0,0,USD,
28/02/2019 00:00,1321.1,1323.7,1311.5,1312.8,0,USD,
27/02/2019 00:00,1312.7,1313.7,1312.2,1319.6,0,USD,
26/02/2019 00:00,1312.7,1313.7,1312.2,1326.4,0,USD,
25/02/2019 00:00,1312.7,1313.7,1312.2,1327.4,0,USD,
22/02/2019 00:00,1312.7,1313.7,1312.2,1330.6,0,USD,
21/02/2019 00:00,1312.7,1313.7,1312.2,1325.5,0,USD,
20/02/2019 00:00,1312.7,1313.7,1312.2,1345.0,0,USD,
19/02/2019 00:00,1312.7,1313.7,1312.2,1341.9,0,USD,
18/02/2019 00:00,1312.7,1313.7,1312.2,1318.9,0,USD,
15/02/2019 00:00,1312.7,1313.7,1312.2,1318.9,0,USD,
14/02/2019 00:00,1307.5,1314.6,1302.7,1311.1,0,USD,
13/02/2019 00:00,1323.2,1318.7,1305.5,1312.4,0,USD,
12/02/2019 00:00,1323.2,1325.1,1317.8,1310.6,0,USD,
11/02/2019 00:00,1323.2,1325.1,1317.8,1308.4,0,USD,
08/02/2019 00:00,1323.2,1325.1,1317.8,1314.7,0,USD,
07/02/2019 00:00,1323.2,1325.1,1317.8,1310.4,0,USD,
06/02/2019 00:00,1323.2,1325.1,1317.8,1310.4,0,USD,
05/02/2019 00:00,1323.2,1325.1,1317.8,1315.3,0,USD,
04/02/2019 00:00,1323.2,1325.1,1317.8,1315.0,0,USD,
01/02/2019 00:00,1323.2,1325.1,1317.8,1319.1,0,USD,
31/01/2019 00:00,1321.8,1328.0,1319.4,1321.2,0,USD,
30/01/2019 00:00,1300.8,1326.8,1311.1,1312.6,0,USD,
29/01/2019 00:00,1300.8,1307.1,1298.4,1308.3,0,USD,
28/01/2019 00:00,1300.8,1307.1,1298.4,1302.4,0,USD,
25/01/2019 00:00,1278.5,1278.5,1278.5,1296.6,0,USD,
24/01/2019 00:00,1278.5,1278.5,1278.5,1279.2,0,USD,
23/01/2019 00:00,1281.7,1283.9,1278.7,1283.1,0,USD,
22/01/2019 00:00,1283.3,1283.3,1283.2,1282.1,0,USD,
21/01/2019 00:00,1281.3,1281.3,1281.3,1278.4,0,USD,
18/01/2019 00:00,1281.3,1281.3,1281.3,1281.3,0,USD,
17/01/2019 00:00,1291.6,1292.7,1288.5,1291.0,0,USD,
16/01/2019 00:00,1290.1,1292.7,1290.1,1291.2,0,USD,
15/01/2019 00:00,1290.1,1292.7,1290.1,1286.2,0,USD,
14/01/2019 00:00,1292.4,1293.9,1289.9,1289.1,0,USD,
11/01/2019 00:00,1291.2,1291.2,1286.3,1287.1,0,USD,
10/01/2019 00:00,1279.4,1289.3,1279.2,1284.8,0,USD,
09/01/2019 00:00,1279.4,1289.3,1279.2,1289.3,0,USD,
08/01/2019 00:00,1280.5,1282.5,1278.2,1283.2,0,USD,
07/01/2019 00:00,1286.6,1286.6,1286.6,1286.8,0,USD,
04/01/2019 00:00,1294.2,1294.2,1275.3,1282.6,0,USD,
02/01/2019 00:00,1286.0,1286.0,1277.6,1281.0,0,USD,
31/12/2018 00:00,1278.0,1281.3,1277.6,1278.3,0,USD,
28/12/2018 00:00,1276.7,1280.1,1276.7,1279.9,0,USD,
27/12/2018 00:00,1276.7,1276.7,1276.7,1277.3,0,USD,
24/12/2018 00:00,1260.3,1268.5,1260.3,1267.5,0,USD,
21/12/2018 00:00,1260.3,1261.3,1255.0,1253.8,0,USD,
20/12/2018 00:00,1243.2,1260.5,1243.2,1263.6,0,USD,
19/12/2018 00:00,1255.8,1255.8,1255.8,1255.8,0,USD,
18/12/2018 00:00,1248.2,1249.0,1245.6,1249.2,0,USD,
17/12/2018 00:00,1239.3,1245.9,1239.3,1247.4,0,USD,
14/12/2018 00:00,1241.7,1241.7,1234.1,1237.0,0,USD,
13/12/2018 00:00,1243.5,1243.5,1241.0,1243.0,0,USD,
12/12/2018 00:00,1245.3,1245.6,1244.1,1244.4,0,USD,
11/12/2018 00:00,1245.8,1248.7,1241.5,1241.9,0,USD,
10/12/2018 00:00,1249.6,1249.6,1241.7,1243.7,0,USD,
07/12/2018 00:00,1238.3,1249.8,1237.6,1246.8,0,USD,
06/12/2018 00:00,1237.5,1244.4,1234.8,1238.1,0,USD,
05/12/2018 00:00,1238.5,1238.8,1234.9,1237.1,0,USD,
04/12/2018 00:00,1231.0,1241.4,1230.4,1241.1,0,USD,
03/12/2018 00:00,1222.5,1234.1,1221.3,1233.9,0,USD,
30/11/2018 00:00,1224.1,1225.0,1216.1,1220.1,0,USD,
29/11/2018 00:00,1211.5,1228.7,1211.5,1224.0,0,USD,
28/11/2018 00:00,1211.5,1212.2,1211.5,1221.4,0,USD,
27/11/2018 00:00,1221.9,1222.0,1221.9,1211.2,0,USD,
26/11/2018 00:00,1222.0,1222.0,1222.0,1221.6,0,USD,
23/11/2018 00:00,1224.8,1224.8,1224.8,1221.0,0,USD,
22/11/2018 00:00,1225.3,1228.8,1222.0,1224.8,0,USD,
21/11/2018 00:00,1225.3,1228.8,1222.0,1226.5,0,USD,
20/11/2018 00:00,1225.3,1228.8,1222.0,1219.0,0,USD,
19/11/2018 00:00,1216.7,1223.8,1216.7,1224.0,0,USD,
16/11/2018 00:00,1216.7,1223.8,1216.7,1220.8,0,USD,
15/11/2018 00:00,1196.3,1201.3,1196.3,1212.8,0,USD,
14/11/2018 00:00,1196.3,1201.3,1196.3,1207.7,0,USD,
13/11/2018 00:00,1196.3,1201.3,1196.3,1199.2,0,USD,
12/11/2018 00:00,1201.6,1201.6,1201.6,1201.3,0,USD,
09/11/2018 00:00,1207.9,1207.9,1207.0,1206.4,0,USD,
08/11/2018 00:00,1228.6,1228.6,1228.6,1223.1,0,USD,
07/11/2018 00:00,1228.6,1228.6,1228.6,1226.2,0,USD,
06/11/2018 00:00,1230.7,1233.8,1230.7,1223.8,0,USD,
05/11/2018 00:00,1230.6,1231.5,1226.7,1229.8,0,USD,
02/11/2018 00:00,1233.3,1233.3,1231.0,1230.9,0,USD,
01/11/2018 00:00,1215.4,1231.6,1215.4,1236.0,0,USD,
31/10/2018 00:00,1216.0,1216.6,1212.0,1212.1,0,USD,
30/10/2018 00:00,1234.3,1234.8,1219.8,1222.7,0,USD,
29/10/2018 00:00,1234.3,1234.8,1234.3,1204.8,0,USD,
26/10/2018 00:00,1234.3,1234.8,1234.3,1232.5,0,USD,
25/10/2018 00:00,1238.6,1238.6,1229.6,1229.1,0,USD,
24/10/2018 00:00,1231.6,1231.6,1228.5,1227.8,0,USD,
23/10/2018 00:00,1224.8,1237.8,1224.8,1233.4,0,USD,
22/10/2018 00:00,1224.5,1224.5,1219.6,1221.2,0,USD,
19/10/2018 00:00,1225.9,1225.9,1225.9,1225.2,0,USD,
18/10/2018 00:00,1225.9,1225.9,1225.9,1225.8,0,USD,
17/10/2018 00:00,1225.9,1225.9,1225.9,1223.7,0,USD,
16/10/2018 00:00,1227.1,1230.5,1227.1,1227.3,0,USD,
15/10/2018 00:00,1222.4,1232.3,1222.4,1226.4,0,USD,
12/10/2018 00:00,1221.6,1221.6,1216.0,1218.1,0,USD,
11/10/2018 00:00,1198.1,1222.5,1196.3,1222.0,0,USD,
10/10/2018 00:00,1191.3,1192.0,1191.3,1189.3,0,USD,
09/10/2018 00:00,1185.6,1189.1,1185.6,1187.2,0,USD,
08/10/2018 00:00,1201.0,1201.0,1183.7,1184.4,0,USD,
05/10/2018 00:00,1197.1,1205.3,1196.9,1201.2,0,USD,
04/10/2018 00:00,1199.3,1204.6,1197.8,1197.2,0,USD,
03/10/2018 00:00,1202.6,1202.6,1197.6,1198.3,0,USD,
02/10/2018 00:00,1193.0,1206.0,1190.3,1202.4,0,USD,
01/10/2018 00:00,1191.6,1191.6,1185.8,1187.1,0,USD,
28/09/2018 00:00,1181.7,1191.9,1180.0,1191.5,0,USD,
27/09/2018 00:00,1202.1,1202.8,1180.5,1182.2,0,USD,
26/09/2018 00:00,1202.1,1202.8,1202.1,1192.4,0,USD,
25/09/2018 00:00,1202.1,1202.8,1202.1,1200.0,0,USD,
24/09/2018 00:00,1198.7,1198.7,1197.6,1200.0,0,USD,
21/09/2018 00:00,1198.7,1198.7,1197.6,1196.3,0,USD,
20/09/2018 00:00,1198.7,1198.7,1197.6,1206.1,0,USD,
19/09/2018 00:00,1198.7,1198.7,1197.6,1202.8,0,USD,
18/09/2018 00:00,1198.7,1198.7,1197.6,1197.6,0,USD,
17/09/2018 00:00,1203.4,1203.4,1200.0,1199.8,0,USD,
14/09/2018 00:00,1203.4,1203.4,1200.0,1194.6,0,USD,
13/09/2018 00:00,1203.4,1203.4,1200.0,1201.5,0,USD,
12/09/2018 00:00,1190.4,1196.3,1190.4,1205.6,0,USD,
11/09/2018 00:00,1190.4,1196.3,1190.4,1196.3,0,USD,
10/09/2018 00:00,1198.3,1198.3,1193.1,1194.6,0,USD,
07/09/2018 00:00,1198.3,1198.3,1193.1,1193.6,0,USD,
06/09/2018 00:00,1202.0,1202.0,1198.3,1197.9,0,USD,
05/09/2018 00:00,1192.5,1196.0,1192.5,1194.9,0,USD,
04/09/2018 00:00,1199.3,1200.5,1189.9,1192.7,0,USD,
03/09/2018 00:00,1199.3,1200.5,1199.3,1200.5,0,USD,
31/08/2018 00:00,1207.1,1208.2,1199.1,1200.3,0,USD,
30/08/2018 00:00,1205.2,1205.2,1196.0,1197.7,0,USD,
29/08/2018 00:00,1205.2,1205.2,1202.4,1204.5,0,USD,
28/08/2018 00:00,1209.7,1217.0,1202.3,1207.4,0,USD,
27/08/2018 00:00,1185.3,1185.8,1185.3,1206.8,0,USD,
24/08/2018 00:00,1185.3,1185.8,1185.3,1206.8,0,USD,
23/08/2018 00:00,1189.3,1190.3,1184.9,1187.0,0,USD,
22/08/2018 00:00,1194.7,1196.2,1194.7,1196.3,0,USD,
21/08/2018 00:00,1189.8,1190.5,1189.8,1192.6,0,USD,
20/08/2018 00:00,1184.8,1190.0,1184.4,1186.8,0,USD,
17/08/2018 00:00,1174.7,1181.2,1174.7,1176.5,0,USD,
16/08/2018 00:00,1173.2,1180.2,1161.4,1176.2,0,USD,
15/08/2018 00:00,1187.8,1188.1,1174.6,1177.5,0,USD,
14/08/2018 00:00,1193.1,1197.5,1192.8,1193.0,0,USD,
13/08/2018 00:00,1207.0,1207.4,1191.6,1191.6,0,USD,
10/08/2018 00:00,1212.5,1212.6,1211.9,1211.5,0,USD,
09/08/2018 00:00,1214.5,1215.3,1211.6,1211.9,0,USD,
08/08/2018 00:00,1212.0,1215.2,1205.9,1212.6,0,USD,
07/08/2018 00:00,1207.8,1214.8,1207.8,1209.6,0,USD,
06/08/2018 00:00,1214.4,1214.4,1206.6,1208.6,0,USD,
03/08/2018 00:00,1206.5,1218.6,1205.1,1214.2,0,USD,
02/08/2018 00:00,1214.7,1219.3,1207.3,1211.0,0,USD,
01/08/2018 00:00,1222.9,1223.7,1215.0,1217.8,0,USD,
31/07/2018 00:00,1220.4,1228.1,1213.0,1223.6,0,USD,
30/07/2018 00:00,1222.5,1223.9,1218.1,1221.7,0,USD,
27/07/2018 00:00,1227.8,1227.8,1227.8,1222.3,0,USD,
26/07/2018 00:00,1227.8,1227.8,1227.8,1225.3,0,USD,
25/07/2018 00:00,1222.0,1222.0,1222.0,1231.1,0,USD,
24/07/2018 00:00,1222.0,1222.0,1222.0,1225.2,0,USD,
23/07/2018 00:00,1222.0,1222.0,1222.0,1224.0,0,USD,
20/07/2018 00:00,1227.2,1228.0,1211.7,1230.3,0,USD,
19/07/2018 00:00,1227.2,1228.0,1211.7,1228.0,0,USD,
18/07/2018 00:00,1226.7,1226.7,1222.2,1226.3,0,USD,
17/07/2018 00:00,1242.7,1243.8,1242.7,1225.4,0,USD,
16/07/2018 00:00,1242.7,1243.8,1242.7,1238.1,0,USD,
13/07/2018 00:00,1244.7,1247.0,1244.7,1239.6,0,USD,
12/07/2018 00:00,1240.9,1246.7,1240.9,1245.0,0,USD,
11/07/2018 00:00,1253.2,1253.2,1247.9,1242.8,0,USD,
10/07/2018 00:00,1256.2,1256.9,1249.3,1253.8,0,USD,
09/07/2018 00:00,1258.2,1262.3,1257.7,1258.0,0,USD,
06/07/2018 00:00,1255.5,1255.5,1254.4,1254.3,0,USD,
05/07/2018 00:00,1253.7,1259.9,1253.6,1257.3,0,USD,
04/07/2018 00:00,1253.7,1259.9,1253.7,1259.9,0,USD,
03/07/2018 00:00,1238.1,1254.1,1237.0,1251.6,0,USD,
02/07/2018 00:00,1249.9,1249.9,1239.8,1240.1,0,USD,
29/06/2018 00:00,1250.3,1253.3,1249.1,1251.3,0,USD,
28/06/2018 00:00,1255.5,1255.5,1244.8,1247.8,0,USD,
27/06/2018 00:00,1255.5,1255.5,1252.3,1252.8,0,USD,
26/06/2018 00:00,1267.2,1267.2,1257.5,1256.6,0,USD,
25/06/2018 00:00,1270.6,1271.2,1265.9,1265.6,0,USD,
22/06/2018 00:00,1268.1,1270.2,1267.0,1267.4,0,USD,
21/06/2018 00:00,1262.7,1268.9,1260.0,1267.2,0,USD,
20/06/2018 00:00,1274.4,1274.4,1271.5,1271.2,0,USD,
19/06/2018 00:00,1281.6,1281.8,1269.9,1275.6,0,USD,
18/06/2018 00:00,1280.7,1280.7,1277.0,1276.2,0,USD,
15/06/2018 00:00,1297.4,1297.4,1274.0,1274.9,0,USD,
14/06/2018 00:00,1297.2,1307.7,1297.2,1304.0,0,USD,
13/06/2018 00:00,1294.0,1299.4,1290.9,1296.9,0,USD,
12/06/2018 00:00,1297.8,1298.1,1292.7,1295.1,0,USD,
11/06/2018 00:00,1299.3,1302.0,1295.2,1298.9,0,USD,
08/06/2018 00:00,1295.3,1299.4,1294.8,1298.1,0,USD,
07/06/2018 00:00,1298.4,1302.8,1296.2,1298.8,0,USD,
06/06/2018 00:00,1296.1,1300.4,1294.1,1297.1,0,USD,
05/06/2018 00:00,1292.1,1299.8,1289.9,1298.5,0,USD,
04/06/2018 00:00,1293.9,1297.1,1290.0,1293.1,0,USD,
01/06/2018 00:00,1298.6,1299.5,1288.9,1294.8,0,USD,
31/05/2018 00:00,1301.0,1306.8,1296.6,1300.0,0,USD,
30/05/2018 00:00,1285.2,1303.7,1295.2,1301.4,0,USD,
29/05/2018 00:00,1285.2,1289.6,1285.2,1298.7,0,USD,
28/05/2018 00:00,1285.2,1289.6,1285.2,1296.8,0,USD,
25/05/2018 00:00,1285.2,1289.6,1285.2,1302.6,0,USD,
24/05/2018 00:00,1285.2,1289.6,1285.2,1303.4,0,USD,
23/05/2018 00:00,1285.2,1289.6,1285.2,1288.5,0,USD,
22/05/2018 00:00,1285.2,1289.6,1285.2,1291.7,0,USD,
21/05/2018 00:00,1285.2,1289.6,1285.2,1290.2,0,USD,
18/05/2018 00:00,1285.2,1289.6,1285.2,1290.2,0,USD,
17/05/2018 00:00,1291.3,1291.3,1290.7,1288.2,0,USD,
16/05/2018 00:00,1290.9,1294.0,1285.4,1290.2,0,USD,
15/05/2018 00:00,1304.6,1304.7,1304.6,1288.9,0,USD,
14/05/2018 00:00,1319.9,1319.9,1317.9,1316.5,0,USD,
11/05/2018 00:00,1312.2,1318.0,1312.2,1319.3,0,USD,
10/05/2018 00:00,1312.2,1318.0,1312.2,1320.8,0,USD,
09/05/2018 00:00,1310.1,1310.2,1308.5,1311.6,0,USD,
08/05/2018 00:00,1310.1,1310.2,1308.5,1312.0,0,USD,
07/05/2018 00:00,1310.6,1312.5,1310.2,1312.2,0,USD,
04/05/2018 00:00,1309.0,1309.3,1303.7,1312.2,0,USD,
03/05/2018 00:00,1309.0,1309.3,1303.7,1310.8,0,USD,
02/05/2018 00:00,1309.0,1309.3,1303.7,1302.6,0,USD,
01/05/2018 00:00,1313.2,1313.8,1303.4,1303.8,0,USD,
30/04/2018 00:00,1309.6,1313.3,1309.6,1316.2,0,USD,
27/04/2018 00:00,1315.7,1321.7,1312.8,1320.3,0,USD,
26/04/2018 00:00,1315.7,1315.8,1315.7,1316.3,0,USD,
25/04/2018 00:00,1324.0,1325.0,1320.0,1321.2,0,USD,
24/04/2018 00:00,1326.4,1331.7,1326.2,1331.6,0,USD,
23/04/2018 00:00,1334.0,1334.4,1323.5,1322.5,0,USD,
20/04/2018 00:00,1342.5,1343.4,1342.5,1336.5,0,USD,
19/04/2018 00:00,1348.6,1355.2,1341.6,1346.8,0,USD,
18/04/2018 00:00,1343.5,1354.2,1343.5,1351.2,0,USD,
17/04/2018 00:00,1348.0,1348.1,1339.0,1347.2,0,USD,
16/04/2018 00:00,1341.0,1348.8,1341.0,1347.0,0,USD,
13/04/2018 00:00,1335.9,1346.0,1335.9,1344.8,0,USD,
12/04/2018 00:00,1351.2,1351.5,1334.6,1338.4,0,USD,
11/04/2018 00:00,1340.1,1365.4,1340.1,1356.5,0,USD,
